order,album,artist,year,artwork_url,genre,genre,genre,genre,genre,genre,genre
1,Sgt. Pepper's Lonely Hearts Club Band,The Beatles,1967,http://img.wennermedia.com/660-width/maxresdefault-44c6ea70-41a8-48cc-9198-9c81ffa11311.jpg,Rock & Roll,Psychedelic Rock,,,,,
2,Pet Sounds,The Beach Boys,1966,http://img.wennermedia.com/660-width/rs-136791-eafbc592120358b4d3d14cda5acebf62ae50a522.jpg,Pop Rock,Psychedelic Rock,,,,,
3,Revolver,The Beatles,1966,http://img.wennermedia.com/660-width/rs-136792-daa031ec00ad83a2da305fe583d746d030fa46ca.jpg,Psychedelic Rock,Pop Rock,,,,,
4,Highway 61 Revisited,Bob Dylan,1965,http://img.wennermedia.com/660-width/rs-136793-3dbec55509cc2ca2776a37e27102718700790947.jpg,Folk Rock,Blues Rock,,,,,
5,Rubber Soul,The Beatles,1965,http://img.wennermedia.com/660-width/rs-136794-6a2b508760f8dfca2260822c63640baa769795b4.jpg,Pop Rock,,,,,,
6,What's Going On,Marvin Gaye,1971,http://img.wennermedia.com/660-width/rs-136795-89f4e4079e43af44a80043f496eebfc562e3c9ec.jpg,Soul,,,,,,
7,Exile on Main St.,The Rolling Stones,1972,http://img.wennermedia.com/660-width/rs-136796-a79e314b8bb4a44886afc91cf2db9b0e6f4a1526.jpg,Blues Rock,Rock & Roll,Classic Rock,,,,
8,London Calling,The Clash,1979,http://img.wennermedia.com/660-width/rs-136797-692d99af3ab2207de3a7757ad3eb2fc65644ed49.jpg,Punk,New Wave,,,,,
9,Blonde on Blonde,Bob Dylan,1966,http://img.wennermedia.com/660-width/rs-136798-c659072c7a5fd09b178fc73b1cc6c03bc9c5763b.jpg,Folk Rock,Rhythm & Blues,,,,,
10,"The Beatles (""The White Album"")",The Beatles,1968,http://img.wennermedia.com/660-width/rs-136799-c851b340c6dccdeafaeb8d147ea084cba2e06236.jpg,Rock & Roll,Pop Rock,Psychedelic Rock,Experimental,,,
11,The Sun Sessions,Elvis Presley,1976,http://img.wennermedia.com/660-width/rs-136800-7a33165e92d530dd0f7c190f9dd46f81b95c5913.jpg,Rock & Roll,,,,,,
12,Kind of Blue,Miles Davis,1959,http://img.wennermedia.com/660-width/rs-136801-7d7508478e8e401003325d5d0aaac731560d13ab.jpg,Modal,,,,,,
13,The Velvet Underground & Nico,The Velvet Underground,1967,http://img.wennermedia.com/660-width/rs-136802-99e8a590fe492cdd130f7debb20f934748fbc4b7.jpg,Garage Rock,Art Rock,Experimental,,,,
14,Abbey Road,The Beatles,1969,http://img.wennermedia.com/660-width/rs-136803-0921fbfa76c66953268f4bdeee9410ef7ef02536.jpg,Psychedelic Rock,Classic Rock,Pop Rock,,,,
15,Are You Experienced,The Jimi Hendrix Experience,1967,http://img.wennermedia.com/660-width/rs-136804-5c60b6f07182074469636bb45da1fd26b8d2a04f.jpg,Blues Rock,Psychedelic Rock,,,,,
16,Blood on the Tracks,Bob Dylan,1975,http://img.wennermedia.com/660-width/rs-136805-d7f732b2975aa5f48929bab82e158620c28021ee.jpg,Folk Rock,Acoustic,Ballad,,,,
17,Nevermind,Nirvana,1991,http://img.wennermedia.com/660-width/rs-136806-21ccd83b5593ecaed7b7b09b5bcfa2aed935b208.jpg,Alternative Rock,Grunge,,,,,
18,Born to Run,Bruce Springsteen,1975,http://img.wennermedia.com/660-width/rs-136807-1ccdff7c10d78ca236e7272be46db2562737945a.jpg,Pop Rock,,,,,,
19,Astral Weeks,Van Morrison,1968,http://img.wennermedia.com/660-width/rs-136808-6f9fc2c6fadb5ba8118b7baa2cd016ddebee2f26.jpg,Acoustic,Classic Rock,Free Improvisation,,,,
20,Thriller,Michael Jackson,1982,http://img.wennermedia.com/660-width/rs-136809-5f1d3499fb3eed91d03d8c94213829d42fb87658.jpg,Disco,,,,,,
21,The Great Twenty_Eight,Chuck Berry,1982,http://img.wennermedia.com/660-width/rs-136810-fc435e4ac67a99344a3f87b874346a03bb864a0d.jpg,Rock & Roll,,,,,,
22,The Complete Recordings,Robert Johnson,1990,http://img.wennermedia.com/660-width/rs-136811-d728ac46e2ce3da52113fcb8e4e593dac64015d6.jpg,Delta Blues,,,,,,
23,John Lennon/Plastic Ono Band,John Lennon / Plastic Ono Band,1970,http://img.wennermedia.com/660-width/rs-136812-3de737814351d39eb4854aed81106f8b2f7564e3.jpg,Pop Rock,,,,,,
24,Innervisions,Stevie Wonder,1973,http://img.wennermedia.com/660-width/rs-136813-cd9ed0f8f7ee429ef0f61b2e111a7bbce304f001.jpg,Soul,,,,,,
25,"Live at the Apollo, 1962",James Brown,1963,http://img.wennermedia.com/660-width/rs-136814-b56e02aec79042fa9b1af99d683ded0c8a2bd461.jpg,Rhythm & Blues,Soul,,,,,
26,Rumours,Fleetwood Mac,1977,http://img.wennermedia.com/660-width/rs-136815-cbb03ec26a73d7619600851e27bddf3511abf4de.jpg,Pop Rock,,,,,,
27,The Joshua Tree,U2,1987,http://img.wennermedia.com/660-width/rs-136816-520bddc06d6e0cc15e5e664403130b7f82c647ed.jpg,Alternative Rock,Pop Rock,,,,,
28,Who's Next,The Who,1971,http://img.wennermedia.com/660-width/rs-136817-8771b654101c38cee38046c90461899f4609dcc7.jpg,Hard Rock,Mod,Prog Rock,Psychedelic Rock,,,
29,Led Zeppelin,Led Zeppelin,1969,http://img.wennermedia.com/660-width/rs-136818-f46de354cee13132e928bb4793b21bf466deddcf.jpg,Blues Rock,Hard Rock,,,,,
30,Blue,Joni Mitchell,1971,http://img.wennermedia.com/660-width/rs-136819-028f49baec27d23d1cb2aab9039fd5c59cebcfa8.jpg,Acoustic,Ballad,Folk,,,,
31,Bringing It All Back Home,Bob Dylan,1965,http://img.wennermedia.com/660-width/rs-136820-269c3d6190e2dc0dc53c9692a3fccb1b0297d8ba.jpg,Folk Rock,Folk,,,,,
32,Let It Bleed,The Rolling Stones,1969,http://img.wennermedia.com/660-width/rs-136821-33e6772d3021760a05f42698be40425d1e5302b3.jpg,Blues Rock,Hard Rock,,,,,
33,Ramones,Ramones,1976,http://img.wennermedia.com/660-width/rs-136822-e9c37a4eaa1dfdd20c30153be4966ef0059eea5b.jpg,Rock & Roll,Punk,,,,,
34,Music From Big Pink,The Band,1968,http://img.wennermedia.com/660-width/rs-136824-53ea5be949478362759c48a2709486aa141fd212.jpg,Folk Rock,Acoustic,Blues Rock,,,,
35,The Rise and Fall of Ziggy Stardust and the Spiders From Mars,David Bowie,1972,http://img.wennermedia.com/660-width/rs-136823-796577260b3b30587c896ff08e32c4b39c96e207.jpg,Classic Rock,Glam,,,,,
36,Tapestry,Carole King,1971,http://img.wennermedia.com/660-width/rs-136825-665baaa4458af3052fe54e61b4f877ff0fdbfee4.jpg,Folk Rock,Soft Rock,,,,,
37,Hotel California,Eagles,1976,http://img.wennermedia.com/660-width/rs-136826-c1cb2fd484afdaff16cb9f5c0a397c120ff3f74a.jpg,Classic Rock,,,,,,
38,The Anthology,Muddy Waters,2001,http://img.wennermedia.com/660-width/rs-136827-fe53e95b3d42bfba65bdf63893ac156bda42c4a9.jpg,Folk,,,,,,
39,Please Please Me,The Beatles,1963,http://img.wennermedia.com/660-width/rs-136828-a98228297da2e4b977752517870aa0f0084a260d.jpg,Beat,Rock & Roll,,,,,
40,Forever Changes,Love,1967,http://img.wennermedia.com/660-width/rs-136829-98c7140da22f3d65f5af7dc59af391d8abd0ee52.jpg,Folk Rock,Psychedelic Rock,,,,,
41,Never Mind the Bollocks Here's the Sex Pistols,Sex Pistols,1977,http://img.wennermedia.com/660-width/rs-136830-ad8c0086034df4e67974c150d0f4f8ec469584eb.jpg,Punk,,,,,,
42,The Doors,The Doors,1967,http://img.wennermedia.com/660-width/rs-136831-1ea331d7c82fbb8fa7071b77d4f657b109d1c788.jpg,Psychedelic Rock,,,,,,
43,The Dark Side of the Moon,Pink Floyd,1973,http://img.wennermedia.com/660-width/rs-136832-861c5694612fa245049704a6d3ab31387b19c834.jpg,Prog Rock,,,,,,
44,Horses,Patti Smith,1975,http://img.wennermedia.com/660-width/rs-136833-e7a996baf4047f8daed97e5f5bd4490fb7c1f697.jpg,Art Rock,,,,,,
45,"The Band (""The Brown Album"")",The Band,1969,http://img.wennermedia.com/660-width/rs-136834-0ac466eab206d17e99e3329c482993dab1bee18d.jpg,Soundtrack,Modern Classical,Contemporary,Score,,,
46,Legend: The Best of Bob Marley and The Wailers,Bob Marley & The Wailers,1984,http://img.wennermedia.com/660-width/rs-136835-96be4f1be7b743e59bc37c675556ee33492da56d.jpg,Reggae,Roots Reggae,,,,,
47,A Love Supreme,John Coltrane,1965,http://img.wennermedia.com/660-width/rs-136836-02531855485466bc333d2947a4dd31f2b9f61748.jpg,Free Jazz,Hard Bop,Modal,,,,
48,It Takes a Nation of Millions to Hold Us Back,Public Enemy,1988,http://img.wennermedia.com/660-width/rs-136837-0f1f21ff75e649209670aa34b650d8b0f3a7b9ef.jpg,Conscious,,,,,,
49,At Fillmore East,The Allman Brothers Band,1971,http://img.wennermedia.com/660-width/rs-136838-effe20936e258567d11473ae17e244dac6b208d8.jpg,Blues Rock,,,,,,
50,Here's Little Richard,Little Richard,1957,http://img.wennermedia.com/660-width/rs-136839-7a68ae240f7399bef642adb1c492ac20ab664b33.jpg,Rock & Roll,Rhythm & Blues,,,,,
51,Bridge Over Troubled Water,Simon & Garfunkel,1970,http://img.wennermedia.com/660-width/rs-136840-0a328443dbf33f1e8724c5223b2d97fca48106c5.jpg,Folk Rock,Classic Rock,,,,,
52,Greatest Hits,Al Green,1975,http://img.wennermedia.com/660-width/rs-136841-e9ed00227a28b80f6c6796798da58c5a6958eec2.jpg,Soul,,,,,,
53,Meet The Beatles!,The Beatles,1964,http://img.wennermedia.com/660-width/rs-136842-c567aea05a250999e7e2046d49200a11d83d290a.jpg,Beat,Rock & Roll,,,,,
54,The Birth of Soul,Ray Charles,1991,http://img.wennermedia.com/660-width/rs-136843-7a56419fc667671522a7cb18f9a0fd66c0ca04ae.jpg,Rhythm & Blues,Big Band,Soul,Soul-Jazz,,,
55,Electric Ladyland,The Jimi Hendrix Experience,1968,http://img.wennermedia.com/660-width/rs-136844-876329989fb53101df678baaf238180b18820803.jpg,Electric Blues,Psychedelic Rock,,,,,
56,Elvis Presley,Elvis Presley,1956,http://img.wennermedia.com/660-width/rs-136845-3d96d5d6d9bcbc6282936dc1ffd06578cabebc32.jpg,Rock & Roll,Rockabilly,,,,,
57,Songs in the Key of Life,Stevie Wonder,1976,http://img.wennermedia.com/660-width/rs-136846-1becb7e01d2771e049f1a09ffd58cd77f0e146a2.jpg,Soul,Disco,,,,,
58,Beggars Banquet,The Rolling Stones,1968,http://img.wennermedia.com/660-width/rs-136847-ee1d802faf428f24bfdcf23cead8f5c9797f6ab4.jpg,Blues Rock,Southern Rock,Classic Rock,,,,
59,Chronicle: The 20 Greatest Hits,Creedence Clearwater Revival,1976,http://img.wennermedia.com/660-width/rs-136848-c305a673692a96976fce8b404c1bf141b7db621e.jpg,Hip Hop,,,,,,
60,Trout Mask Replica,Captain Beefheart & His Magic Band,1969,http://img.wennermedia.com/660-width/rs-136849-a4b6f5b0e8e36b7180fdea278755bb4099099d14.jpg,Dialogue,Field Recording,Avantgarde,Electric Blues,Psychedelic Rock,Experimental,
61,Greatest Hits,Sly & The Family Stone,1970,http://img.wennermedia.com/660-width/rs-136850-76aa8b1a1fec965275cf1bf6576217d5716f6f0a.jpg,Rhythm & Blues,Funk,,,,,
62,Appetite for Destruction,Guns N' Roses,1987,http://img.wennermedia.com/660-width/rs-136851-4e6da25216527bf930346f52271b6eb2122a716d.jpg,Hard Rock,Heavy Metal,,,,,
63,Achtung Baby,U2,1991,http://img.wennermedia.com/660-width/rs-136852-05c62e826eb9c0ef8fbf3e4e2d807a355efb0c94.jpg,Pop Rock,Synth-pop,Alternative Rock,Arena Rock,,,
64,Sticky Fingers,The Rolling Stones,1971,http://img.wennermedia.com/660-width/rs-136853-631aebeb7535cea014244f29a3852307841c56bb.jpg,Classic Rock,,,,,,
65,Back to Mono (1958-1969),Phil Spector,1991,http://img.wennermedia.com/660-width/rs-136854-e2ebe7062791aa4ff3e0c5d93bf32d2d2a588f40.jpg,Doo Wop,Pop Rock,Ballad,Rhythm & Blues,,,
66,Moondance,Van Morrison,1970,http://img.wennermedia.com/660-width/rs-136855-62fc0b0d65ef7c2f2a9a37cb66f1051e927bcd50.jpg,Folk Rock,Rhythm & Blues,Classic Rock,Contemporary Jazz,,,
67,Kid A,Radiohead,2000,http://img.wennermedia.com/660-width/rs-136714-dc5847d14a98590646f38ff1bb045fe6e9523850.jpg,Alternative Rock,IDM,Experimental,,,,
68,Off the Wall,Michael Jackson,1979,http://img.wennermedia.com/660-width/rs-136856-8c1e5b0582a5b46fc80e0db97c87f48661e672e8.jpg,Disco,Soul,Ballad,,,,
69,[Led Zeppelin IV],Led Zeppelin,1971,http://img.wennermedia.com/660-width/rs-136857-c4082fd6526f33db9b4e851a72d96784119fd52c.jpg,Hard Rock,Classic Rock,Blues Rock,,,,
70,The Stranger,Billy Joel,1977,http://img.wennermedia.com/660-width/rs-136858-ccdc7ef4844eea964e02ab50740e5cd4301a0ae9.jpg,Pop Rock,,,,,,
71,Graceland,Paul Simon,1986,http://img.wennermedia.com/660-width/rs-136859-2dabb95cffdc9f2d4e37b3157cec36e34b382598.jpg,Folk Rock,Pop Rock,African,Afrobeat,Zydeco,Funk,Rhythm & Blues
72,Superfly,Curtis Mayfield,1972,http://img.wennermedia.com/660-width/rs-136860-c8bf4bb3309cfafe5b4bddece81a591e52fa2857.jpg,Soundtrack,Soul,,,,,
73,Physical Graffiti,Led Zeppelin,1975,http://img.wennermedia.com/660-width/rs-136861-53a00c2335b36eb447e75ae2387e96b0e6ba6a20.jpg,Classic Rock,,,,,,
74,After the Gold Rush,Neil Young,1970,http://img.wennermedia.com/660-width/rs-136862-7e03f32e7c9594a706f545a9c8cdd53e260bcafd.jpg,Rock & Roll,Country Rock,,,,,
75,Star Time,James Brown,1991,http://img.wennermedia.com/660-width/rs-136863-a7b2521a515dc36ea56d181cada01ce0a27bbbb4.jpg,Soul,Funk,Disco,,,,
76,Purple Rain,Prince and the Revolution,1984,http://img.wennermedia.com/660-width/rs-136864-2dae4591d79f7c29a18496926740d720908e3127.jpg,Pop Rock,Funk,Soundtrack,Synth-pop,,,
77,Back in Black,AC/DC,1980,http://img.wennermedia.com/660-width/rs-136865-06d9970eddbfbcae66ad664a73c6d52862d91d7c.jpg,Hard Rock,,,,,,
78,Otis Blue: Otis Redding Sings Soul,Otis Redding,1965,http://img.wennermedia.com/660-width/rs-136866-93f4b651ac369f0603463d0c1a539ab7ccd05241.jpg,Soul,,,,,,
79,Led Zeppelin II,Led Zeppelin,1969,http://img.wennermedia.com/660-width/rs-136867-cb5312fe6a5648ee4441e580ad904c4600a8d45e.jpg,Blues Rock,Classic Rock,Hard Rock,,,,
80,Imagine,John Lennon,1971,http://img.wennermedia.com/660-width/rs-136868-0b79ac312d1402b86d803ab464e58c456277e9fc.jpg,Pop Rock,,,,,,
81,The Clash,The Clash,1977,http://img.wennermedia.com/660-width/rs-136869-ce67282f913d3d9bc2433f7084a5f5d22bc1f38a.jpg,Punk,,,,,,
82,Harvest,Neil Young,1972,http://img.wennermedia.com/660-width/rs-136870-ec319af29f5efd5d20d9633f0c535e0151e59a42.jpg,Folk Rock,Country Rock,Classic Rock,,,,
83,Axis: Bold as Love,The Jimi Hendrix Experience,1967,http://img.wennermedia.com/660-width/rs-136871-8bd73526cc9968e358761e26e4fe42c641910802.jpg,Psychedelic Rock,Electric Blues,,,,,
84,I Never Loved a Man the Way I Love You,Aretha Franklin,1967,http://img.wennermedia.com/660-width/rs-136890-2ae6552932d20ce4bdc5c361c7f57797c8ba2217.jpg,Soul,,,,,,
85,Lady Soul,Aretha Franklin,1968,http://img.wennermedia.com/660-width/rs-136891-434330e80536d2bb420ca5ff91a6ed24651f0e69.jpg,Soul,,,,,,
86,Born in the U.S.A.,Bruce Springsteen,1984,http://img.wennermedia.com/660-width/rs-136893-942105f84afcbf3168dd9c0ad83f5130b368af82.jpg,Pop Rock,,,,,,
87,The Wall,Pink Floyd,1979,http://img.wennermedia.com/660-width/rs-136895-f4449616e18127542ce4b5534585068d30a10201.jpg,Alternative Rock,Prog Rock,,,,,
88,At Folsom Prison,Johnny Cash,1968,http://img.wennermedia.com/660-width/rs-136897-af22084dc4088905a4eb9afab73bb7efc9ce780b.jpg,Country,,,,,,
89,Dusty in Memphis,Dusty Springfield,1969,http://img.wennermedia.com/660-width/rs-136898-d40f4d4da2d9d7a419717c8344f1444281c98dc5.jpg,Pop Rock,Soul,,,,,
90,Talking Book,Stevie Wonder,1972,http://img.wennermedia.com/660-width/rs-stevie-wonder-50728d4d-55cb-4812-aa33-191f340866f1.jpg,Soul,Funk,,,,,
91,Goodbye Yellow Brick Road,Elton John,1973,http://img.wennermedia.com/660-width/rs-136900-62a6bb35e40a1315bcdb5a541492bc93fc3a7cfb.jpg,Pop Rock,Classic Rock,,,,,
92,20 Golden Greats,Buddy Holly,1978,http://img.wennermedia.com/660-width/rs-136901-a8a3f78f4dc628cd1451f8c5e38979d097e59fb5.jpg,Rock & Roll,,,,,,
93,"Sign ""Peace"" the Times",Prince,1987,http://img.wennermedia.com/660-width/rs-136903-ffe7f8ac37e7fd481d268c3109ce8ade62f4e1d4.jpg,Ska,Reggae-Pop,,,,,
94,40 Greatest Hits,Hank Williams,1984,http://img.wennermedia.com/660-width/rs-136904-9a14d7c339541e7fa0f9218a21a873e83ae3fece.jpg,Country,,,,,,
95,Bitches Brew,Miles Davis,1970,http://img.wennermedia.com/660-width/rs-136905-1aa850852a50d38f55ae0b0c688b2d4f4403c70b.jpg,Fusion,,,,,,
96,Tommy,The Who,1969,http://img.wennermedia.com/660-width/rs-136907-70195a5c116bff799265d42788bc73ca1fbfe622.jpg,Psychedelic Rock,,,,,,
97,The Freewheelin' Bob Dylan,Bob Dylan,1963,http://img.wennermedia.com/660-width/rs-136908-8e33d65973df4e70e8fbf8bd0dbdaace59293e68.jpg,Folk,,,,,,
98,This Year's Model,Elvis Costello,1978,http://img.wennermedia.com/660-width/rs-136909-b1c40d0c34e89fa14f600ba775f425e52bd08224.jpg,New Wave,,,,,,
99,There's a Riot Goin' On,Sly & The Family Stone,1971,http://img.wennermedia.com/660-width/rs-136910-c11fbdd3d1d1efe83f84ba5ea1ae7ceb24d1928d.jpg,Rhythm & Blues,Funk,,,,,
100,Odessey and Oracle,The Zombies,1968,http://img.wennermedia.com/660-width/rs-136911-4e049f07b395009537a0950b9ad5c9463042a78f.jpg,Psychedelic Rock,,,,,,
101,In the Wee Small Hours,Frank Sinatra,1955,http://img.wennermedia.com/660-width/rs-136912-66b38c578b55322f778406517690732daecca182.jpg,Big Band,Ballad,,,,,
102,Fresh Cream,Cream,1966,http://img.wennermedia.com/660-width/rs-136913-981c4b5aafd4f3e359c1a4db0edefc18580e1317.jpg,Blues Rock,Electric Blues,,,,,
103,Giant Steps,John Coltrane,1959,http://img.wennermedia.com/660-width/rs-136914-a70d84fe2a3b2f41f446397a357d3abbbe9bb4a1.jpg,Hard Bop,,,,,,
104,Sweet Baby James,James Taylor,1970,http://img.wennermedia.com/660-width/rs-136915-500a68798b57abe3376e3309db498e1561846fd7.jpg,Folk Rock,Acoustic,Soft Rock,,,,
105,Modern Sounds in Country and Western Music,Ray Charles,1962,http://img.wennermedia.com/660-width/rs-136916-ae787c41341d7da5bf9200bf626eb37cadcdc153.jpg,Country,Rhythm & Blues,,,,,
106,Rocket to Russia,Ramones,1977,http://img.wennermedia.com/660-width/rs-136917-e2d4cb96825747e05cef632168acc0f7d15133cf.jpg,Rock & Roll,Punk,,,,,
107,Portrait of a Legend 1951-1964,Sam Cooke,2003,http://img.wennermedia.com/660-width/rs-136918-232ae686660178f6470d997bbd116d2b0bfb496d.jpg,Soul,Rhythm & Blues,Gospel,Cha-Cha,,,
108,Hunky Dory,David Bowie,1971,http://img.wennermedia.com/660-width/rs-136919-d1e8785e80fdff5251025f3b639ac3a74faef5a9.jpg,Classic Rock,Glam,,,,,
109,Aftermath,The Rolling Stones,1966,http://img.wennermedia.com/660-width/rs-136920-7241fdf3c9872428a8b9dcbe5e44d4b5e0113f13.jpg,Blues Rock,Pop Rock,,,,,
110,Loaded,The Velvet Underground,1970,http://img.wennermedia.com/660-width/rs-136921-2f318fd6b97e0844a1246f079709718388025c6b.jpg,Art Rock,Classic Rock,,,,,
111,The Bends,Radiohead,1995,http://img.wennermedia.com/660-width/rs-136922-ade473553eca8fd0931d1267c4c5304e1b7b2b91.jpg,Alternative Rock,,,,,,
112,If You Can Believe Your Eyes and Ears,The Mamas and the Papas,1966,http://img.wennermedia.com/660-width/rs-136923-0a7d9f94defe0b8483b04211500547df08eb9336.jpg,Folk Rock,Pop Rock,,,,,
113,Court and Spark,Joni Mitchell,1974,http://img.wennermedia.com/660-width/rs-136924-b3bc278a848e93f60c50e3ae4394606fa727a3fd.jpg,Soft Rock,Pop Rock,,,,,
114,Disraeli Gears,Cream,1967,http://img.wennermedia.com/660-width/rs-136925-6fb81add58786303921950c76af20b09c499b7ae.jpg,Psychedelic Rock,Blues Rock,,,,,
115,The Who Sell Out,The Who,1967,http://img.wennermedia.com/660-width/rs-136926-32aad95405f335c71ece94145ecba72ddb6a3224.jpg,Psychedelic Rock,Mod,,,,,
116,Out of Our Heads,The Rolling Stones,1965,http://img.wennermedia.com/660-width/rs-136927-2c801a57639a6568f50b90326f47666c3353a3f1.jpg,Blues Rock,Rock & Roll,,,,,
117,Layla and Other Assorted Love Songs,Derek and the Dominos,1970,http://img.wennermedia.com/660-width/rs-136928-42edaac7d4afb0bfd51e3d394f2ad20e17cc65ca.jpg,Blues Rock,,,,,,
118,Late Registration,Kanye West,2005,http://img.wennermedia.com/660-width/rs-136929-520fc83abbdd1d1611981bdf3b1bbda188a57842.jpg,Hip Hop,,,,,,
119,At Last!,Etta James,1960,http://img.wennermedia.com/660-width/rs-136930-c0078c0893f748597681f424bf33738dcdd55352.jpg,Rhythm & Blues,Soul,,,,,
120,Sweetheart of the Rodeo,The Byrds,1968,http://img.wennermedia.com/660-width/rs-136931-d92f6b1f408047f947dd0ea5d9f9f1c88f314e13.jpg,Folk Rock,Country Rock,,,,,
121,Stand!,Sly & The Family Stone,1969,http://img.wennermedia.com/660-width/rs-136932-32d46af59a4ead4a6277252c340e54357a55fef4.jpg,Funk,Psychedelic,Disco,,,,
122,The Harder They Come,Various Artists,1972,http://img.wennermedia.com/660-width/rs-136933-dbecb9848670f38dc1dc0960f993b5a045fa41f5.jpg,Reggae,Roots Reggae,Rocksteady,Contemporary,Soundtrack,,
123,Raising Hell,Run D.M.C.,1986,http://img.wennermedia.com/660-width/rs-136934-afbfe0e975813f14225b847c2406727305921cec.jpg,Hip Hop,,,,,,
124,Moby Grape,Moby Grape,1967,http://img.wennermedia.com/660-width/rs-136935-1b27a1b9aa49d21d6b8f9d5d3aafb469bbf47031.jpg,Folk Rock,Psychedelic Rock,,,,,
125,Pearl,Janis Joplin,1971,http://img.wennermedia.com/660-width/rs-136936-3f4d3c4bde8c7ca887b4440bc6e59062b7e627e7.jpg,Blues Rock,,,,,,
126,Catch a Fire,The Wailers,1973,http://img.wennermedia.com/660-width/rs-136937-b7c87eeaf5e4b89b33984871df9258bd6568b088.jpg,Roots Reggae,,,,,,
127,Younger Than Yesterday,The Byrds,1967,http://img.wennermedia.com/660-width/rs-136938-8e43f465b606df2225800a6332f920afc4882997.jpg,Folk Rock,Psychedelic Rock,,,,,
128,Raw Power,Iggy and The Stooges,1973,http://img.wennermedia.com/660-width/rs-136939-d119fb2e68a8714a8539f3bab3d6ce80c385cbd0.jpg,Garage Rock,Hard Rock,Punk,,,,
129,Remain in Light,Talking Heads,1980,http://img.wennermedia.com/660-width/rs-136940-5e82a123eb478e5e075fca70395841a15c42cbd9.jpg,New Wave,Art Rock,Funk,,,,
130,Marquee Moon,Television,1977,http://img.wennermedia.com/660-width/rs-136945-496f60e7abeaaa10781d8ed0937bdd14e132fa89.jpg,New Wave,Punk,,,,,
131,Paranoid,Black Sabbath,1970,http://img.wennermedia.com/660-width/rs-136947-a30d2ee6659f73b96bf8bee257f2afaf1436bb63.jpg,Hard Rock,Heavy Metal,,,,,
132,Saturday Night Fever: The Original Movie Sound Track,Various Artists,1977,http://img.wennermedia.com/660-width/rs-136948-5ab24eca30e6533f552c8839c217e6643541b91d.jpg,Soundtrack,Disco,,,,,
133,"The Wild, the Innocent & the E Street Shuffle",Bruce Springsteen,1973,http://img.wennermedia.com/660-width/rs-136950-5c1389223a1bbcaf57bee307144fb925785336b7.jpg,Rock & Roll,,,,,,
134,Ready to Die,The Notorious B.I.G.,1994,http://img.wennermedia.com/660-width/rs-136952-c8b83cb3c7734857e0da090c7c1862b6e043e3af.jpg,Thug Rap,,,,,,
135,Slanted and Enchanted,Pavement,1992,http://img.wennermedia.com/660-width/rs-136956-0d2d43a0fd06acf874ba237df24fa9c3678f9ec5.jpg,Alternative Rock,,,,,,
136,Greatest Hits,Elton John,1974,http://img.wennermedia.com/660-width/rs-136957-b9dbb58356493c95cc471a2e2d69f0bd80f16868.jpg,Classic Rock,,,,,,
137,Tim,The Replacements,1985,http://img.wennermedia.com/660-width/rs-136958-fca34fadbbafc4a556232a5d7a249f717ab70b8b.jpg,Indie Rock,,,,,,
138,The Chronic,Dr. Dre,1992,http://img.wennermedia.com/660-width/rs-136960-cd9cdff34a0d80df7074d683c5b266b910b8096c.jpg,Gangsta,,,,,,
139,Rejuvenation,The Meters,1974,http://img.wennermedia.com/660-width/rs-136961-21e5174fa655499d6090b35ba8a1a98428afb8be.jpg,Bayou Funk,Soul,,,,,
140,Parallel Lines,Blondie,1978,http://img.wennermedia.com/660-width/rs-136962-5c8611e46309aa38800a1743947341dea1c582bb.jpg,New Wave,Pop Rock,Punk,Disco,,,
141,Live at the Regal,B.B. King,1965,http://img.wennermedia.com/660-width/rs-136964-44c7484e5e780cc4f367838b07e04615432d3e16.jpg,Chicago Blues,,,,,,
142,A Christmas Gift for You From Phil Spector,Phil Spector,1963,http://img.wennermedia.com/660-width/rs-136966-c436d4eb58194c861107475b35e599e63ef5cf23.jpg,Pop Rock,,,,,,
143,Gris-Gris,"Dr. John, the Night Tripper",1968,http://img.wennermedia.com/660-width/rs-136968-3ef238fae7224a7c17198eb85a102889020ce202.jpg,Soul-Jazz,Louisiana Blues,Fusion,Bayou Funk,,,
144,Straight Outta Compton,N.W.A,1988,http://img.wennermedia.com/660-width/rs-136970-ac105c4e3e6a73f6289579b17b7a17f84b127f48.jpg,Gangsta,,,,,,
145,Aja,Steely Dan,1977,http://img.wennermedia.com/660-width/rs-136972-adca3ede95e7cbe50e9c06c660b940632827ec56.jpg,Jazz-Rock,Classic Rock,,,,,
146,Surrealistic Pillow,Jefferson Airplane,1967,http://img.wennermedia.com/660-width/rs-136973-c95d17d91b5bb68e83bc51ce3461537b8e9e9645.jpg,Folk Rock,Psychedelic Rock,,,,,
147,Deja vu,"Crosby, Stills, Nash & Young",1970,http://img.wennermedia.com/660-width/rs-136974-a269b69452cce5e2da99c774b99f482a2e2b9bc5.jpg,Classic Rock,,,,,,
148,Houses of the Holy,Led Zeppelin,1973,http://img.wennermedia.com/660-width/rs-137067-641116c1e4684ff5d9e7388111c81e45a38d6e23.jpg,Classic Rock,,,,,,
149,Santana,Santana,1969,http://img.wennermedia.com/660-width/rs-136977-f8de33bd808ef6916df5f600d1b531c4183a24b8.jpg,Afro-Cuban,Psychedelic Rock,,,,,
150,Darkness on the Edge of Town,Bruce Springsteen,1978,http://img.wennermedia.com/660-width/rs-136979-bace58ad06cfbbb2807f088520db227434da0055.jpg,Pop Rock,,,,,,
151,Funeral,Arcade Fire,2004,http://img.wennermedia.com/660-width/rs-136980-5343d2b30b06e311af390a3829caf34d135d376f.jpg,Indie Rock,,,,,,
152,The B 52's / Play Loud,The B 52's,1979,http://img.wennermedia.com/660-width/rs-136983-7a6f091f8960439498a814bf708c863f9d50fc4b.jpg,New Wave,Punk,Mod,,,,
153,The Low End Theory,A Tribe Called Quest,1991,http://img.wennermedia.com/660-width/rs-136986-4f01e5c3e610dd7203a79b40c8473bec50fac412.jpg,Conscious,,,,,,
154,Moanin' in the Moonlight,Howlin' Wolf,1958,http://img.wennermedia.com/660-width/rs-136988-add682f521b995c3a37cd1a63f8de6d9ed76cdee.jpg,Chicago Blues,,,,,,
155,Pretenders,Pretenders,1980,http://img.wennermedia.com/660-width/rs-136990-4c2a4e14a210f722f564828d1283cbb5edfb8937.jpg,Alternative Rock,New Wave,,,,,
156,Paul's Boutique,Beastie Boys,1989,http://img.wennermedia.com/660-width/rs-136992-d1b604b7c3629c94ea412bd54a9a9ef2df0c60d5.jpg,Alternative Rock,Pop Rap,Psychedelic,,,,
157,Closer,Joy Division,1980,http://img.wennermedia.com/660-width/rs-136993-dbd6ecb3421a67a4cdc2411ea62f1dda9ae1524f.jpg,Post-Punk,New Wave,,,,,
158,Captain Fantastic and the Brown Dirt Cowboy,Elton John,1975,http://img.wennermedia.com/660-width/rs-136994-ec7bcffc88dd8cf9e62108eb1d4572e187180e13.jpg,Pop Rock,Classic Rock,,,,,
159,Alive!,KISS,1975,http://img.wennermedia.com/660-width/rs-136995-e176bd50a0dbe730c390f3e918371b9337c34c42.jpg,Hard Rock,Glam,,,,,
160,Electric Warrior,T. Rex,1971,http://img.wennermedia.com/660-width/rs-136996-03ea80b452a2ff1119b77ae12163240dee8128a3.jpg,Glam,Classic Rock,,,,,
161,The Dock of the Bay,Otis Redding,1968,http://img.wennermedia.com/660-width/rs-136997-a66d2173f0da4ba69a1614b7642468abdc151b69.jpg,Rhythm & Blues,Soul,,,,,
162,OK Computer,Radiohead,1997,http://img.wennermedia.com/660-width/rs-136998-89fbef0a78eb3ca4cd34933c7b87ce21980a0a76.jpg,Alternative Rock,,,,,,
163,1999,Prince,1982,http://img.wennermedia.com/660-width/rs-136999-fc7ea1216fedc9d712bb18b7a1b1fa3f94b81ee1.jpg,Pop Rock,,,,,,
164,The Very Best of Linda Ronstadt,Linda Ronstadt,2002,http://img.wennermedia.com/660-width/rs-137000-6998c82d0b50b7cb6920512f4dd4bd41bdfd380d.jpg,Soft Rock,Pop Rock,,,,,
165,Let's Get It On,Marvin Gaye,1973,http://img.wennermedia.com/660-width/rs-137001-ea2dbb71c177de9aaa11ecc2a03c190c1e3f960c.jpg,Soul,,,,,,
166,Imperial Bedroom,Elvis Costello & The Attractions,1982,http://img.wennermedia.com/660-width/rs-137002-7f164cbcaf8beb57da58539db514d3cddb2151c8.jpg,Alternative Rock,New Wave,,,,,
167,Master of Puppets,Metallica,1986,http://img.wennermedia.com/660-width/rs-137003-3e0b377899b1e58701ea6a80c0e4225d0a2b2eb7.jpg,Thrash,Speed Metal,,,,,
168,My Aim Is True,Elvis Costello,1977,http://img.wennermedia.com/660-width/rs-137004-20986a045e5f7266ee13b1db2109c8dab4aa445a.jpg,New Wave,Pop Rock,,,,,
169,Exodus,Bob Marley & The Wailers,1977,http://img.wennermedia.com/660-width/rs-137005-8d7182b68d355cd094f49438fc03c2e0c8fa6d95.jpg,Reggae,Roots Reggae,,,,,
170,Live at Leeds,The Who,1970,http://img.wennermedia.com/660-width/rs-137006-e1ce35e0d71564006aba92cb207f464ceb05f0e6.jpg,Classic Rock,Blues Rock,Hard Rock,,,,
171,The Notorious Byrd Brothers,The Byrds,1968,http://img.wennermedia.com/660-width/rs-137007-f2f8eab73c27a5aee6945f783d85ff0f45f7cf95.jpg,Psychedelic Rock,Folk Rock,Country Rock,Pop Rock,,,
172,Every Picture Tells a Story,Rod Stewart,1971,http://img.wennermedia.com/660-width/rs-137008-3aff0ca6dcb9e1514ed531f344123ef903f08df9.jpg,Pop Rock,,,,,,
173,Something/Anything?,Todd Rundgren,1972,http://img.wennermedia.com/660-width/rs-137009-cdbd58d4ba8bce384d4289bacd656033e44f8291.jpg,Power Pop,Pop Rock,Prog Rock,,,,
174,Desire,Bob Dylan,1976,http://img.wennermedia.com/660-width/rs-137010-ab8670ecec420e5b91896c22d1b767f91c076f9e.jpg,Folk Rock,,,,,,
175,Close to You,Carpenters,1970,http://img.wennermedia.com/660-width/rs-137068-826f397847f039ba624bb3caf1f54cad76506172.jpg,Pop Rock,Vocal,,,,,
176,Rocks,Aerosmith,1976,http://img.wennermedia.com/660-width/rs-137069-ed3f8f0c0cc2c464043de047797ddf657deb565c.jpg,Hard Rock,Classic Rock,,,,,
177,One Nation Under a Groove,Funkadelic,1978,http://img.wennermedia.com/660-width/rs-137070-fc31c04cba57f0ec09d6c691cfd918f40cc13f1e.jpg,P.Funk,,,,,,
178,The Anthology: 1961-1977,Curtis Mayfield and The Impressions,1992,http://img.wennermedia.com/660-width/rs-137071-2f8ddd2b510fd607e58385da76eafb58876f50e9.jpg,Rhythm & Blues,Soul,Funk,,,,
179,The Definitive Collection,ABBA,2001,http://img.wennermedia.com/660-width/rs-137072-9648298a147c9ddfe65d5a196beb92223816ebd5.jpg,Europop,Synth-pop,Disco,,,,
180,"The Rolling Stones, Now!",The Rolling Stones,1965,http://img.wennermedia.com/660-width/rs-137073-f3c63567387f2cea2fc6aaa764ba98ccf63a3962.jpg,Pop Rock,Rhythm & Blues,Rock & Roll,,,,
181,Natty Dread,Bob Marley & The Wailers,1974,http://img.wennermedia.com/660-width/rs-137074-7fec3e453c2fffb0e8de364d17a3910b655efc63.jpg,Reggae,Roots Reggae,,,,,
182,Fleetwood Mac,Fleetwood Mac,1975,http://img.wennermedia.com/660-width/rs-137075-2fa87cff28334ae1dc3b123239844e0de7df7e6f.jpg,Folk Rock,Pop Rock,,,,,
183,Red Headed Stranger,Willie Nelson,1975,http://img.wennermedia.com/660-width/rs-137076-1c7a3ec602053fb3d9dd9f543b6b0c3ed405464a.jpg,Country,,,,,,
184,The Immaculate Collection,Madonna,1990,http://img.wennermedia.com/660-width/rs-137077-f36997c31775158de4d2177a604e7b40c14dad97.jpg,Synth-pop,,,,,,
185,The Stooges,The Stooges,1969,http://img.wennermedia.com/660-width/rs-137078-c7d3159a43ea8f8dd5dc1606db030325f157d95a.jpg,Garage Rock,Punk,,,,,
186,Fresh,Sly & The Family Stone,1973,http://img.wennermedia.com/660-width/rs-137079-51029f1f69c6cf97a9723fa2364cfa48969b6266.jpg,Rhythm & Blues,Funk,,,,,
187,So,Peter Gabriel,1986,http://img.wennermedia.com/660-width/rs-137080-c514c0ee0516ee5c8c4c2be8ec3c7b127d9ac4b0.jpg,Art Rock,Pop Rock,Synth-pop,Funk,,,
188,Buffalo Springfield Again,Buffalo Springfield,1967,http://img.wennermedia.com/660-width/rs-137081-f237e262cb972b3c83464d81a2025a2fdf02c583.jpg,Country Rock,,,,,,
189,Happy Trails,Quicksilver Messenger Service,1969,http://img.wennermedia.com/660-width/rs-137189-2aa18d0ae7b3279f15347ce7e2f00b7c051bc14e.jpg,Acid Rock,Psychedelic Rock,,,,,
190,From Elvis in Memphis,Elvis Presley,1969,http://img.wennermedia.com/660-width/rs-137190-5edf00a082efe3ef23c1385bc10079a82d268c75.jpg,Country,Soul,,,,,
191,Fun House,The Stooges,1970,http://img.wennermedia.com/660-width/rs-137191-72ab0de08f21bb55ef5f4dff665cf842cab0b3ac.jpg,Garage Rock,Punk,,,,,
192,The Gilded Palace of Sin,The Flying Burrito Brothers,1969,http://img.wennermedia.com/660-width/rs-137192-f6d253766c32fd44f7f17737334e6b32a92a8e50.jpg,Country Rock,,,,,,
193,Dookie,Green Day,1994,http://img.wennermedia.com/660-width/rs-137193-1a86a16c15d4687ce36f84aee7ba5a42fa75ccb6.jpg,Alternative Rock,Pop Punk,Punk,,,,
194,Transformer,Lou Reed,1972,http://img.wennermedia.com/660-width/rs-137194-b382fe62cef6d8fa7a57f04bf89413db4c5de90e.jpg,Glam,,,,,,
195,"Blues Breakers With Eric Clapton (""The Beano Album"")",John Mayall & The Bluesbreakers,1966,http://img.wennermedia.com/660-width/rs-137195-7f5ad31d9aa00cfbd3d73742a2acaaaf63949163.jpg,Blues Rock,Electric Blues,Harmonica Blues,,,,
196,"Nuggets: Original Artyfacts From the First Psychedelic Era, 1965-1968",Various Artists,1998,http://img.wennermedia.com/660-width/rs-137196-5cab807202a546622c0d7cfb5c0c969ed1ef287a.jpg,Garage Rock,Psychedelic Rock,,,,,
197,Murmur,R.E.M.,1983,http://img.wennermedia.com/660-width/rs-137197-30aaeebf53eda57967c29512e6448d02ea6bdab8.jpg,Alternative Rock,,,,,,
198,The Best of Little Walter,Little Walter,1967,http://img.wennermedia.com/660-width/rs-137198-ad523efecbf62caaf2a5d82e0a311ad3337a77f9.jpg,Chicago Blues,,,,,,
199,Is This It,The Strokes,2001,http://img.wennermedia.com/660-width/rs-136763-5c9c3c6f4f8da14e4e6bf24a4f0a522618eb15e0.jpg,Indie Rock,,,,,,
200,Highway to Hell,AC/DC,1979,http://img.wennermedia.com/660-width/rs-137199-5ad7acae2ccc56922fc6b6711ac703caf706aab3.jpg,Hard Rock,,,,,,
201,The Downward Spiral,Nine Inch Nails,1994,http://img.wennermedia.com/660-width/rs-137200-9d6e9604c257bcc20d49ffc9548cd63a9199ee3f.jpg,Industrial,,,,,,
202,"Parsley, Sage, Rosemary and Thyme",Simon & Garfunkel,1966,http://img.wennermedia.com/660-width/rs-137201-9759a4cb99234a160cf217e4b279e3d5ce27e82e.jpg,Folk Rock,Pop Rock,,,,,
203,Bad,Michael Jackson,1987,http://img.wennermedia.com/660-width/rs-137202-a97b2991a5a2ae92ea3b798b24a32fb81d63d388.jpg,Pop Rock,Ballad,Funk,Soul,,,
204,Modern Times,Bob Dylan,2006,http://img.wennermedia.com/660-width/rs-137203-2cad69129f7e060e4f879af2421ae1df7531144d.jpg,Blues Rock,Folk Rock,,,,,
205,Wheels of Fire,Cream,1968,http://img.wennermedia.com/660-width/rs-137204-df0dc3068da42efa2b8933d40c4558eea7ffc7be.jpg,Blues Rock,Psychedelic Rock,Classic Rock,,,,
206,Dirty Mind,Prince,1980,http://img.wennermedia.com/660-width/rs-137205-c968ace333b274deeed7e7652b22181e5ee3c798.jpg,Hip Hop,,,,,,
207,Abraxas,Santana,1970,http://img.wennermedia.com/660-width/rs-137206-c9c34c7d8f0c291ca067506a3d8baecc89274a77.jpg,Fusion,Hard Rock,Psychedelic Rock,,,,
208,Tea for the Tillerman,Cat Stevens,1970,http://img.wennermedia.com/660-width/rs-137207-42563253e6ef248fca9b0bc4cc928083538231af.jpg,Folk Rock,Pop Rock,,,,,
209,Ten,Pearl Jam,1991,http://img.wennermedia.com/660-width/rs-137208-57cc70aef9c387904d3f9e0492979c9bf4938a73.jpg,Grunge,,,,,,
210,Everybody Knows This Is Nowhere,Neil Young & Crazy Horse,1969,http://img.wennermedia.com/660-width/rs-137209-98b310386437c0cced4f0b63108501c26f7b5973.jpg,Folk Rock,Country Rock,Classic Rock,,,,
211,Wish You Were Here,Pink Floyd,1975,http://img.wennermedia.com/660-width/rs-137210-5616923efa1a95975da080a67752021ac1b8aaea.jpg,Classic Rock,Prog Rock,,,,,
212,Crooked Rain Crooked Rain,Pavement,1994,http://img.wennermedia.com/660-width/rs-137211-822fa826c6df519feb25c36853bd0a7badcea999.jpg,Alternative Rock,Indie Rock,,,,,
213,Tattoo You,The Rolling Stones,1981,http://img.wennermedia.com/660-width/rs-137188-1328aa8bc9d4eb484d1453db939bd6dc42b11af6.jpg,Classic Rock,,,,,,
214,Proud Mary: The Best of Ike and Tina Turner,Ike & Tina Turner,1991,http://img.wennermedia.com/660-width/rs-137187-c0513b6c65f222b951c5e7028339d2c8c5ba850d.jpg,Rhythm & Blues,Bayou Funk,Soul,,,,
215,New York Dolls,New York Dolls,1973,http://img.wennermedia.com/660-width/rs-137186-e50229cead5e19d8fa5f801017371d065ebf622a.jpg,Glam,,,,,,
216,Bo Diddley / Go Bo Diddley,Bo Diddley,1986,http://img.wennermedia.com/660-width/rs-137185-23a6886ba0ebb4d79673624c6afd739520399e6d.jpg,Rhythm & Blues,Rock & Roll,,,,,
217,Two Steps From the Blues,"Bobby ""Blue"" Bland",1961,http://img.wennermedia.com/660-width/rs-137184-b808d4745b09589397a0dc0af138173999a0043c.jpg,Rhythm & Blues,Soul,,,,,
218,The Queen Is Dead,The Smiths,1986,http://img.wennermedia.com/660-width/rs-137183-c4e71e16346110ed60d7a40efbc970336cb4a81b.jpg,Indie Rock,,,,,,
219,Licensed to Ill,Beastie Boys,1986,http://img.wennermedia.com/660-width/rs-137182-be2aada48a74d440667291a694c0e66626e2e849.jpg,Hip Hop,,,,,,
220,Look-Ka Py Py,The Meters,1970,http://img.wennermedia.com/660-width/rs-137181-39218fdb60c61789aa0f41a23a3141db7a817b48.jpg,Bayou Funk,Soul,Funk,,,,
221,Loveless,My Bloody Valentine,1991,http://img.wennermedia.com/660-width/my-bloody-valentine-loveless-cover-3e79b904-6e0d-4a74-ad82-28a6afa8f858.jpg,Alternative Rock,Shoegaze,,,,,
222,New Orleans Piano,Professor Longhair,1972,http://img.wennermedia.com/660-width/rs-137179-8d44944bbcc158675cde8148e3830d8fe3b0f40d.jpg,Piano Blues,,,,,,
223,War,U2,1983,http://img.wennermedia.com/660-width/rs-137178-88deed8e0c556bcd1f11b03f5fe955b2745cd539.jpg,Pop Rock,,,,,,
224,The Neil Diamond Collection,Neil Diamond,1999,http://img.wennermedia.com/660-width/rs-137177-9a6f9cc6718608142dc7ed89d21d4fee3cd64c2e.jpg,Soft Rock,Ballad,,,,,
225,American Idiot,Green Day,2004,http://img.wennermedia.com/660-width/rs-137176-f4d84a32a2d245213e1d10336ff92436358c501e.jpg,Pop Rock,Punk,,,,,
226,Nebraska,Bruce Springsteen,1982,http://img.wennermedia.com/660-width/rs-137175-3aa14a4e1021a9f5ce6ddab868dc132d5a2f2b33.jpg,Acoustic,,,,,,
227,Doolittle,Pixies,1989,http://img.wennermedia.com/660-width/rs-137174-696d41503fd5713db781bb51bbcd5f2e323b0044.jpg,Indie Rock,,,,,,
228,Paid in Full,Eric B. & Rakim,1987,http://img.wennermedia.com/660-width/rs-137173-0ca495502e690095dca8623f3694d1b5c57cf09c.jpg,Hip Hop,,,,,,
229,Toys in the Attic,Aerosmith,1975,http://img.wennermedia.com/660-width/rs-137172-deabd8133b00f4b6fa41e24210c16823302ec03d.jpg,Hard Rock,Blues Rock,,,,,
230,Nick of Time,Bonnie Raitt,1989,http://img.wennermedia.com/660-width/rs-137171-cf1ad16e8540d7d7d8583179a1630bf20aeb5e41.jpg,Blues Rock,Pop Rock,,,,,
231,A Night at the Opera,Queen,1975,http://img.wennermedia.com/660-width/rs-137170-a06e502b76d71130a7c2802037590b01519505a2.jpg,Hard Rock,Pop Rock,Prog Rock,,,,
232,The Kink Kronikles,The Kinks,1972,http://img.wennermedia.com/660-width/rs-137169-c01e007f81474bb49a9191f067eecc267d44ac41.jpg,Rock & Roll,Pop Rock,,,,,
233,Mr. Tambourine Man,The Byrds,1965,http://img.wennermedia.com/660-width/rs-137168-6988e4aead2b277a7e0554b03ad483875c056504.jpg,Folk Rock,Garage Rock,Pop Rock,,,,
234,Bookends,Simon & Garfunkel,1968,http://img.wennermedia.com/660-width/rs-137167-928bb33a8aa733d5fabcc6c66bbe8704827b0dd5.jpg,Folk Rock,Classic Rock,,,,,
235,The Ultimate Collection,Patsy Cline,2000,http://img.wennermedia.com/660-width/rs-137166-f88abd6f48a3ab92d656884d045b9635a39149eb.jpg,Hip Hop,,,,,,
236,Mr. Excitement!,Jackie Wilson,1992,http://img.wennermedia.com/660-width/rs-137165-ae5633b52b6d34b3ef2e48cc0216b28f04e982a0.jpg,Hip Hop,,,,,,
237,My Generation,The Who,1965,http://img.wennermedia.com/660-width/rs-137164-8dcc7d229827603559709d89ad4858b774da77f9.jpg,Mod,,,,,,
238,Howlin' Wolf,Howlin' Wolf,1962,http://img.wennermedia.com/660-width/rs-137163-b1a0be14bad2bbb5e1e35e6487e657bbf8a9921e.jpg,Hip Hop,,,,,,
239,Like a Prayer,Madonna,1989,http://img.wennermedia.com/660-width/rs-137162-283c0cc163f5599f86c97484316bddbb4bde5592.jpg,Synth-pop,,,,,,
240,Can't Buy a Thrill,Steely Dan,1972,http://img.wennermedia.com/660-width/rs-137161-0764d9ed29f2dea208850e6fb1a176ef801e4e34.jpg,Classic Rock,,,,,,
241,Let It Be,The Replacements,1984,http://img.wennermedia.com/660-width/rs-137160-a3b8352a8ac12d482424f564271da2503d1ec52a.jpg,Alternative Rock,Power Pop,Punk,Indie Rock,,,
242,Run D.M.C.,Run D.M.C.,1984,http://img.wennermedia.com/660-width/rs-137159-92abc912ee3fde246ac093cbf9b5d906f5184feb.jpg,Hip Hop,,,,,,
243,Black Sabbath,Black Sabbath,1970,http://img.wennermedia.com/660-width/rs-137158-213718676e5a54875d4e48bfe1da9de91a7a24a4.jpg,Blues Rock,Heavy Metal,,,,,
244,The Marshall Mathers LP,Eminem,2000,http://img.wennermedia.com/660-width/rs-137157-40e08fde0c565650a2bc208974960d71dfeec2ef.jpg,Pop Rap,Hardcore Hip-Hop,Horrorcore,,,,
245,All Killer No Filler! The Jerry Lee Lewis Anthology,Jerry Lee Lewis,1993,http://img.wennermedia.com/660-width/rs-137156-373e059300c1e4cde01c7e1d7d53124a87e63f73.jpg,Country Blues,Rock & Roll,Rhythm & Blues,,,,
246,Freak Out!,The Mothers of Invention,1966,http://img.wennermedia.com/660-width/rs-137155-aaa4b9dbc59d741375e942dbd7f3ccec3f6dabf2.jpg,Musique Concrete,Avantgarde,Symphonic Rock,Rhythm & Blues,Psychedelic Rock,Experimental,Parody
247,Live/Dead,The Grateful Dead,1969,http://img.wennermedia.com/660-width/rs-137154-34f35c2fe196d291ae425f9ef6ec25736031dd37.jpg,Folk Rock,Country Rock,Psychedelic Rock,Experimental,,,
248,The Shape of Jazz to Come,Ornette Coleman,1959,http://img.wennermedia.com/660-width/rs-137153-6fdf7b366410eb1442737a629e573119b7ae2969.jpg,Free Jazz,,,,,,
249,Automatic for the People,R.E.M.,1992,http://img.wennermedia.com/660-width/rs-137152-dac5f9d5eda7e806047d3f8c04d1690ed6f485c5.jpg,Alternative Rock,,,,,,
250,Reasonable Doubt,Jay Z,1996,http://img.wennermedia.com/660-width/rs-137151-f491a039f4a74515ae55e2db1a0a6d1e201dc6a9.jpg,Hip Hop,,,,,,
251,Low,David Bowie,1977,http://img.wennermedia.com/660-width/rs-137150-d5f3dfde2e432f3096f0c155eee1a360ed27513a.jpg,Art Rock,Ambient,Experimental,,,,
252,The Blueprint,Jay Z,2001,http://img.wennermedia.com/660-width/rs-136683-e14b0f89cf479eb8da5db3d2ea15fcc6c0a68611.jpg,Hip Hop,,,,,,
253,The River,Bruce Springsteen,1980,http://img.wennermedia.com/660-width/rs-137149-366c312375247c1b04b184e20855934a8df1abc4.jpg,Folk Rock,Pop Rock,Classic Rock,,,,
254,Complete & Unbelievable: The Otis Redding Dictionary of Soul,Otis Redding,1966,http://img.wennermedia.com/660-width/rs-137148-c059a250040668ee96d16602411685a34846c918.jpg,Soul,,,,,,
255,"Metallica (""The Black Album"")",Metallica,1991,http://img.wennermedia.com/660-width/rs-137147-a5b6a7deda60d004c776a40c7649cd31b837b09e.jpg,Heavy Metal,,,,,,
256,Trans Europa Express,Kraftwerk,1977,http://img.wennermedia.com/660-width/rs-137146-733e7a2b4446e981d036a63caf2cf7de51d44431.jpg,Electro,,,,,,
257,Whitney Houston,Whitney Houston,1985,http://img.wennermedia.com/660-width/rs-137145-49adbd2611a827725c3d4825ceec479e0ccb0ab2.jpg,Synth-pop,Rhythm & Blues,,,,,
258,The Kinks Are The Village Green Preservation Society,The Kinks,1968,http://img.wennermedia.com/660-width/rs-137144-fae5871f88f0787651b2ebe1c8303afeb69d7558.jpg,Psychedelic Rock,Pop Rock,,,,,
259,The Velvet Rope,Janet,1997,http://img.wennermedia.com/660-width/rs-137143-c9104bb880785d4d9009b0d9b48d6723c8e420c8.jpg,RnB/Swing,Downtempo,,,,,
260,Stardust,Willie Nelson,1978,http://img.wennermedia.com/660-width/rs-137142-f16f858af7e91904db107c74ce4664bd37a579c8.jpg,Vocal,,,,,,
261,American Beauty,Grateful Dead,1970,http://img.wennermedia.com/660-width/rs-137141-cffd8a1aefca1b2772fba81402690e6f26067ad6.jpg,Folk Rock,,,,,,
262,"Crosby, Stills & Nash","Crosby, Stills & Nash",1969,http://img.wennermedia.com/660-width/rs-137139-1fab6f85f603f1b9530a3f3a361ff25459ed5a6b.jpg,Folk Rock,Classic Rock,,,,,
263,Tracy Chapman,Tracy Chapman,1988,http://img.wennermedia.com/660-width/rs-137140-cd8268e7b96520a83fdeb0d36dd990d1e641c8bd.jpg,Hip Hop,,,,,,
264,Workingman's Dead,Grateful Dead,1970,http://img.wennermedia.com/660-width/rs-137138-08264dc54f2fcfe2735b640823a84431ef6a6edf.jpg,Folk Rock,Country Rock,Classic Rock,,,,
265,The Genius of Ray Charles,Ray Charles,1959,http://img.wennermedia.com/660-width/rs-137137-f2a052c134f979b74b650c1c50ad7bb35307daf5.jpg,Soul-Jazz,Big Band,,,,,
266,Child Is Father to the Man,"Blood, Sweat & Tears",1968,http://img.wennermedia.com/660-width/rs-137136-1cd68790abc0e0c7344303b5e21c7f930565d58f.jpg,Blues Rock,Jazz-Rock,Classic Rock,,,,
267,Quadrophenia,The Who,1973,http://img.wennermedia.com/660-width/rs-137135-c772d02b91c9f9d96fc2f194deac497e2c555d11.jpg,Hard Rock,Classic Rock,Mod,,,,
268,Paul Simon,Paul Simon,1972,http://img.wennermedia.com/660-width/rs-137134-50884d3fff031dd146a1625bab38bd00dfa1d99c.jpg,Folk Rock,Pop Rock,,,,,
269,Psychocandy,The Jesus and Mary Chain,1985,http://img.wennermedia.com/660-width/rs-137133-aa53e447aa3db9f3a8b57124f58839aa67dc1510.jpg,Noise,,,,,,
270,Some Girls,The Rolling Stones,1978,http://img.wennermedia.com/660-width/rs-137132-3f6d2901349be691e5e3954bebdcf945fa8a662f.jpg,Blues Rock,Rock & Roll,Classic Rock,Disco,,,
271,The Beach Boys Today!,The Beach Boys,1965,http://img.wennermedia.com/660-width/rs-137131-6bd88dcbf93095718cce48d75e76e1047007c1c7.jpg,Pop Rock,Psychedelic Rock,,,,,
272,Dig Me Out,Sleater Kinney,1997,http://img.wennermedia.com/660-width/rs-137130-d5bb0902aa196dbbe212e30ae796bdaa36caf0c8.jpg,Indie Rock,,,,,,
273,Going to a Go-Go,Smokey Robinson & The Miracles,1966,http://img.wennermedia.com/660-width/rs-137129-471adc6adf04ee4a2d78cf3bc6254f9028971d08.jpg,Soul,,,,,,
274,Nightbirds,LaBelle,1974,http://img.wennermedia.com/660-width/rs-137128-ca5feb5e9907130b20ec88c9905edc9d82eebd91.jpg,Funk,Disco,,,,,
275,The Slim Shady LP,Eminem,1999,http://img.wennermedia.com/660-width/rs-137127-8b4cbc3d4348242b64946d981f7ca09f7959812b.jpg,Hip Hop,,,,,,
276,Mothership Connection,Parliament,1975,http://img.wennermedia.com/660-width/rs-137126-c5604941cd959fe1954ef8227321f927e5bedd73.jpg,P.Funk,Funk,,,,,
277,Rhythm Nation 1814,Janet Jackson,1989,http://img.wennermedia.com/660-width/rs-137125-907d9bcc53b0e610725e8ad5af63b83f1cb11a88.jpg,RnB/Swing,Downtempo,Synth-pop,,,,
278,Anthology of American Folk Music,Various,1997,http://img.wennermedia.com/660-width/rs-137124-88efd17762f6c895f466641ac456ed1f66ac5347.jpg,Cajun,Country,Field Recording,Gospel,Delta Blues,Folk,
279,Aladdin Sane,David Bowie,1973,http://img.wennermedia.com/660-width/rs-137123-37af3e0c4e80dd918ca9ace19cd612fa62f1dc9f.jpg,Glam,,,,,,
280,All That You Can't Leave Behind,U2,2000,http://img.wennermedia.com/660-width/rs-137122-0426ee36584969704e8b5934cd9f5cc5e463e9f7.jpg,Pop Rock,,,,,,
281,My Life,Mary J. Blige,1994,http://img.wennermedia.com/660-width/rs-137121-74e117929e9bbcaf195c08b9f85619b39908b10a.jpg,RnB/Swing,,,,,,
282,Folk Singer,Muddy Waters,1964,http://img.wennermedia.com/660-width/rs-137120-e89d9808af9b8731335c902f6b9f247347eaa091.jpg,Delta Blues,,,,,,
283,Can't Get Enough,Barry White,1974,http://img.wennermedia.com/660-width/rs-137119-b9e3f7d1a08ea157c0c1a7d0f936a5836d67e6f0.jpg,Soul,Disco,,,,,
284,The Cars,The Cars,1978,http://img.wennermedia.com/660-width/rs-137118-2c6baa2c235357b0ecc7b8d569d6a89ecb719010.jpg,New Wave,Pop Rock,Synth-pop,,,,
285,Music of My Mind,Stevie Wonder,1972,http://img.wennermedia.com/660-width/rs-137117-2cad69129f7e060e4f879af2421ae1df7531144d.jpg,Soul-Jazz,Soul,,,,,
286,I'm Still in Love With You,Al Green,1972,http://img.wennermedia.com/660-width/rs-137105-7758a01921f4faa051902b83ce69cb25cdda8ba6.jpg,Rhythm & Blues,Soul,,,,,
287,Los Angeles,X,1980,http://img.wennermedia.com/660-width/rs-137104-100850085af0de754732c8590e5dfe7f8f83d803.jpg,Punk,Rock & Roll,,,,,
288,Anthem of the Sun,Grateful Dead,1968,http://img.wennermedia.com/660-width/rs-137103-56178bfc050c470513b01b475dbb7b7057245d2e.jpg,Psychedelic Rock,,,,,,
289,Something Else by The Kinks,The Kinks,1967,http://img.wennermedia.com/660-width/rs-137102-191d29afede686a0cb7110687760d6a62e16956d.jpg,Pop Rock,Psychedelic Rock,Mod,,,,
290,Call Me,Al Green,1973,http://img.wennermedia.com/660-width/rs-137101-f0c0d4eddf3d74c2489388afca3544cf9a8cbf4d.jpg,Rhythm & Blues,Soul,,,,,
291,Talking Heads: 77,Talking Heads,1977,http://img.wennermedia.com/660-width/rs-137100-00902a438c105f822ab4880c767e9e9fddee826b.jpg,New Wave,,,,,,
292,The Basement Tapes,Bob Dylan and the Band,1975,http://img.wennermedia.com/660-width/rs-137099-d87e80ddb9903e4b5328a6135076215d1b1e61a6.jpg,Folk Rock,Country Rock,Classic Rock,,,,
293,White Light/White Heat,The Velvet Underground,1968,http://img.wennermedia.com/660-width/rs-137098-812a226875c09c79cbc70ee1b6376a0c2737962f.jpg,Avantgarde,Experimental,,,,,
294,Kick Out the Jams,MC5,1969,http://img.wennermedia.com/660-width/rs-137097-0bbe27cc13c562d86f4cb7ea6c44dabc9d370f48.jpg,Garage Rock,Hard Rock,Punk,Blues Rock,,,
295,Songs of Love and Hate,Leonard Cohen,1970,http://img.wennermedia.com/660-width/rs-137096-86a3f3bb9740de18935dcb44838126437dae714f.jpg,Folk Rock,Folk,Ballad,,,,
296,Meat Is Murder,The Smiths,1985,http://img.wennermedia.com/660-width/rs-137095-bd954fb9e4c0b42cc1ad5639cb057e1ccb4bc709.jpg,Alternative Rock,Indie Rock,,,,,
297,We're Only in It for the Money,The Mothers of Invention,1968,http://img.wennermedia.com/660-width/rs-137094-0adb633d8d246de8f3814ca782a3158b4928a4e6.jpg,Modern Classical,Avantgarde,Psychedelic Rock,Experimental,Parody,,
298,The College Dropout,Kanye West,2003,http://img.wennermedia.com/660-width/rs-137093-1b99c8dcba97db5d61c339d047cb4a7c478cf1bb.jpg,Pop Rap,Conscious,Contemporary R&B,,,,
299,Weezer (Blue Album),Weezer,1994,http://img.wennermedia.com/660-width/rs-137092-4a32eeb2b9b5a1826835965249982b7c1596d7b6.jpg,Alternative Rock,Emo,,,,,
300,Master of Reality,Black Sabbath,1971,http://img.wennermedia.com/660-width/rs-137091-473edff6fecaf2247d1e8abd564c5bd43919cf8e.jpg,Hard Rock,Heavy Metal,,,,,
301,Coat of Many Colors,Dolly Parton,1971,http://img.wennermedia.com/660-width/rs-137090-07c0fc1a32777459d688a91e4b119e09a4567e4f.jpg,Country,,,,,,
302,Fear of a Black Planet,Public Enemy,1990,http://img.wennermedia.com/660-width/rs-137089-bdf51aba1d7ed043c7ce6fd7886a760537018859.jpg,Conscious,,,,,,
303,John Wesley Harding,Bob Dylan,1967,http://img.wennermedia.com/660-width/rs-137088-c082c593392308e286e68b1f1a8130b732b0e1fb.jpg,Folk Rock,Country Rock,,,,,
304,Grace,Jeff Buckley,1994,http://img.wennermedia.com/660-width/rs-137087-8e43cf7dfe33960c8b4b5611e126526e250025ab.jpg,Alternative Rock,Folk Rock,,,,,
305,Car Wheels on a Gravel Road,Lucinda Williams,1998,http://img.wennermedia.com/660-width/rs-137086-33ac9e7a3254dcfd26fc236670255f9a3c1e8dc2.jpg,Country,Folk,,,,,
306,Odelay,Beck,1996,http://img.wennermedia.com/660-width/rs-137085-bd86f3d05ed38fc4ae4ea425c8577bcc748a0bd5.jpg,Electro,Downtempo,Hip Hop,Disco,Afrobeat,Abstract,
307,A Hard Day's Night,The Beatles,1964,http://img.wennermedia.com/660-width/rs-136746-6e5c3ad5db903eaa7700e4b1783f45e1a226ecd4.jpg,Soundtrack,Beat,Pop Rock,,,,
308,Songs for Swingin' Lovers!,Frank Sinatra,1956,http://img.wennermedia.com/660-width/rs-137084-66f036bbce97f7103a6678431288837eafbbdd22.jpg,Vocal,Easy Listening,,,,,
309,Willy and the Poor Boys,Creedence Clearwater Revival,1969,http://img.wennermedia.com/660-width/rs-136742-cdd78a507f2f5f195bbe5c1e4ff0e6decd7d7a6d.jpg,Blues Rock,Rock & Roll,Classic Rock,,,,
310,Blood Sugar Sex Magik,Red Hot Chili Peppers,1991,http://img.wennermedia.com/660-width/rs-137083-2788f292b719280e7bae5068f6c945748f38efa0.jpg,Alternative Rock,Funk Metal,,,,,
311,The Sun Records Collection,Various,1994,http://img.wennermedia.com/660-width/rs-137082-33ddcee01ff6cf9b392777c439f070aa80918948.jpg,Country Blues,Rock & Roll,Rockabilly,,,,
312,Nothing's Shocking,Jane's Addiction,1988,http://img.wennermedia.com/660-width/rs-137040-76cf0240139299cded020f3f0ce00e9509e60ed4.jpg,Alternative Rock,,,,,,
313,MTV Unplugged in New York,Nirvana,1994,http://img.wennermedia.com/660-width/rs-137041-c9b48b0ba2092f8bb49c7190e90cf54da87cb409.jpg,Folk Rock,Acoustic,Grunge,,,,
314,The Miseducation of Lauryn Hill,Lauryn Hill,1998,http://img.wennermedia.com/660-width/rs-137042-e204a7d0ec7f1b48ee818f3d20ae97a4e4cd1fb5.jpg,RnB/Swing,Conscious,,,,,
315,Damn the Torpedoes,Tom Petty and the Heartbreakers,1979,http://img.wennermedia.com/660-width/rs-137043-e720e2ab97e6a906d10cd48c14ba0d4bddb8f7ac.jpg,Soft Rock,Hard Rock,Pop Rock,,,,
316,The Velvet Underground,The Velvet Underground,1969,http://img.wennermedia.com/660-width/rs-137044-2d5d8aba024aef2b982eba694497142d9c9da4cb.jpg,Garage Rock,Art Rock,Experimental,,,,
317,Surfer Rosa,Pixies,1988,http://img.wennermedia.com/660-width/rs-137045-80d6bb5106dc0670120c06ac6e808f78ceb1b74c.jpg,Alternative Rock,,,,,,
318,Back Stabbers,The O'Jays,1972,http://img.wennermedia.com/660-width/rs-137046-7d85815107309d7f4c4f3304d450ba43c6bb23a8.jpg,Soul,,,,,,
319,Burnin',The Wailers,1973,http://img.wennermedia.com/660-width/rs-137047-0e962d1d840dd9afce49cfd5a3330a333efa8068.jpg,Reggae,,,,,,
320,Amnesiac,Radiohead,2001,http://img.wennermedia.com/660-width/rs-137048-2391a7040c74d817c932baf081b5a44e4f67ef6e.jpg,Alternative Rock,Experimental,,,,,
321,Pink Moon,Nick Drake,1972,http://img.wennermedia.com/660-width/rs-137049-b93a0f0b8c81e527a4f00d7bb6042f82e83f3d44.jpg,Folk,Folk Rock,Acoustic,,,,
322,Sail Away,Randy Newman,1972,http://img.wennermedia.com/660-width/rs-137050-67ca9fac857ebe429f076a2814ddccd157266213.jpg,Pop Rock,Vocal,,,,,
323,Ghost in the Machine,The Police,1981,http://img.wennermedia.com/660-width/rs-137051-3c124fb81356cc6739b0c0c374d742e3a4a42472.jpg,Alternative Rock,New Wave,Pop Rock,,,,
324,Station to Station,David Bowie,1976,http://img.wennermedia.com/660-width/rs-137052-351ff161424883f85c4db9fa80e56888d3cd77d3.jpg,Classic Rock,Soul,Funk,Art Rock,,,
325,Slowhand,Eric Clapton,1977,http://img.wennermedia.com/660-width/rs-137053-92b3c1b8ac077ed9e729bbaf598332a9857d73b2.jpg,Hip Hop,,,,,,
326,Disintegration,The Cure,1989,http://img.wennermedia.com/660-width/rs-137054-eb2d0bbfc8b18d9536b1abc2c972b981693df4db.jpg,New Wave,Alternative Rock,,,,,
327,Exile in Guyville,Liz Phair,1993,http://img.wennermedia.com/660-width/rs-137055-a6f7b945ff985fd7f33e6a70305cdc4a3c1adf29.jpg,Lo-Fi,Indie Rock,,,,,
328,Daydream Nation,Sonic Youth,1988,http://img.wennermedia.com/660-width/rs-137056-d232b6e969cf4d23ed65348ac85265211da278ac.jpg,Alternative Rock,Indie Rock,,,,,
329,In the Jungle Groove,James Brown,1986,http://img.wennermedia.com/660-width/rs-137057-d416392d008066e8b937afcf1b1189c60e13cd33.jpg,Soul,Funk,,,,,
330,Tonight's the Night,Neil Young,1975,http://img.wennermedia.com/660-width/rs-137058-af69cbf1e44c4d4809ff12b8ce8bbc13f64361ed.jpg,Blues Rock,Folk Rock,Classic Rock,,,,
331,Help!,The Beatles,1965,http://img.wennermedia.com/660-width/rs-137059-fed5e932be924acebe1af07120b149e7ca68b91d.jpg,Rock & Roll,Classic Rock,Pop Rock,,,,
332,Shoot Out the Lights,Richard & Linda Thompson,1982,http://img.wennermedia.com/660-width/rs-137060-8509b66fd540b93e7bac5b8febc7bfcf553e00e1.jpg,Folk Rock,,,,,,
333,Wild Gift,X,1981,http://img.wennermedia.com/660-width/rs-137061-de29cc0bf00adde9dfda8038ce2a89c62ba44dd9.jpg,Rock & Roll,Punk,,,,,
334,Squeezing Out Sparks,Graham Parker & The Rumour,1979,http://img.wennermedia.com/660-width/rs-137062-bf6b6d453df24c802f8e50068f7f997f51aec34f.jpg,Hip Hop,,,,,,
335,Superunknown,Soundgarden,1994,http://img.wennermedia.com/660-width/rs-137063-5a7da984eb6de40bf549cb422860cb8cdb49bc9f.jpg,Alternative Rock,,,,,,
336,In Rainbows,Radiohead,2007,http://img.wennermedia.com/660-width/rs-137064-d685efa5b778b2c19f76ed7fc97024a829c9f7ce.jpg,Alternative Rock,Art Rock,,,,,
337,Aqualung,Jethro Tull,1971,http://img.wennermedia.com/660-width/rs-137065-efaec9b9cc50a0fee84c31b8f4abfb92bbb9f9d9.jpg,Classic Rock,Prog Rock,,,,,
338,Cheap Thrills,Big Brother & the Holding Company,1968,http://img.wennermedia.com/660-width/rs-137066-6c93f52ce8772d6deb5765af41f01367800704f2.jpg,Folk Rock,Blues Rock,Psychedelic Rock,,,,
339,The Heart of Saturday Night,Tom Waits,1974,http://img.wennermedia.com/660-width/rs-137022-497cd6fd5882f193c39336de6171cb62a19fbd52.jpg,Contemporary Jazz,Spoken Word,,,,,
340,Damaged,Black Flag,1981,http://img.wennermedia.com/660-width/rs-137023-f5cf0d9d0a640f67b23548429e9c612795d55eed.jpg,Hardcore,Punk,,,,,
341,Play,Moby,1999,http://img.wennermedia.com/660-width/rs-137024-fb630e34d1a830646ecb43897b508c704522c0f6.jpg,Breakbeat,Leftfield,Downtempo,,,,
342,Violator,Depeche Mode,1990,http://img.wennermedia.com/660-width/rs-137025-db8694845154db647271230401c11533470dde4b.jpg,Synth-pop,,,,,,
343,Bat Out of Hell,Meat Loaf,1977,http://img.wennermedia.com/660-width/rs-137026-f1b6703be10a9b0d6aa50c0a36c270abc7ffffd7.jpg,Pop Rock,,,,,,
344,Berlin,Lou Reed,1973,http://img.wennermedia.com/660-width/rs-137027-386e1e7b0d919ff9546182b6985c878abb49d5d6.jpg,Hard Rock,,,,,,
345,Stop Making Sense,Talking Heads,1984,http://img.wennermedia.com/660-width/rs-137028-857c37b98c404e1b5d1b7c8dbe118e52aa354a59.jpg,Funk,Indie Rock,New Wave,,,,
346,3 Feet High and Rising,De La Soul,1989,http://img.wennermedia.com/660-width/rs-137029-82071ba43ef5893b11e5d3ca72d278f245ba1d19.jpg,Hip Hop,,,,,,
347,The Piper at the Gates of Dawn,Pink Floyd,1967,http://img.wennermedia.com/660-width/rs-137030-286dcc9a1b775c7fb167c778cd993b07e3a261bc.jpg,Psychedelic Rock,,,,,,
348,Muddy Waters at Newport 1960,Muddy Waters,1960,http://img.wennermedia.com/660-width/rs-137031-334ebe654d7f14c902c0d59e6ed108083afcbd21.jpg,Blues Rock,Chicago Blues,,,,,
349,The Black Album,Jay Z,2003,http://img.wennermedia.com/660-width/rs-137032-31ad7ad106b8bf768507532f83154096de5f8c3e.jpg,Hip Hop,,,,,,
350,Roger the Engineer,The Yardbirds,1966,http://img.wennermedia.com/660-width/rs-137033-43df32bc9de636bde47e5352bf6263c02f6be512.jpg,Blues Rock,Pop Rock,,,,,
351,Rust Never Sleeps,Neil Young & Crazy Horse,1979,http://img.wennermedia.com/660-width/rs-137034-55152a2702cc9634cf7820e629f4c8e4cd432b0c.jpg,Hard Rock,Arena Rock,,,,,
352,Brothers in Arms,Dire Straits,1985,http://img.wennermedia.com/660-width/rs-137035-3f43d3a4d193d7990a6e3980a2574ab5d8b791c7.jpg,AOR,Classic Rock,,,,,
353,My Beautiful Dark Twisted Fantasy,Kanye West,2010,http://img.wennermedia.com/660-width/rs-137036-e8b8728a681904cc2ae44662f645562dbc37cfdb.jpg,Hip Hop,,,,,,
354,52nd Street,Billy Joel,1978,http://img.wennermedia.com/660-width/rs-137037-dbe90ed210b2cfe577afff4a231fcec06eb1233d.jpg,Pop Rock,Ballad,Latin Jazz,,,,
355,Having a Rave Up,The Yardbirds,1965,http://img.wennermedia.com/660-width/rs-137038-ab0d5fbfdc77b40a24122ccb199f3a9248b3391a.jpg,Blues Rock,Psychedelic Rock,,,,,
356,12 Songs,Randy Newman,1970,http://img.wennermedia.com/660-width/rs-137039-b760b240d0788a4f18dcd3050f928d228257ecf5.jpg,Pop Rock,Vocal,,,,,
357,Between the Buttons,The Rolling Stones,1967,http://img.wennermedia.com/660-width/rs-137018-ed197ada5aef46062f5382bb54184f9afbe2e164.jpg,Blues Rock,Psychedelic Rock,Pop Rock,,,,
358,Sketches of Spain,Miles Davis,1960,http://img.wennermedia.com/660-width/rs-137020-64c5eaaccb1a3ca7611f3db104573db274b903c8.jpg,Modal,,,,,,
359,Honky Chteau,Elton John,1972,http://img.wennermedia.com/660-width/rs-136773-45944d1f98e10c631950530b66094c1ac421f485.jpg,Pop Rock,Classic Rock,,,,,
360,Singles Going Steady,Buzzcocks,1979,http://img.wennermedia.com/660-width/rs-136772-25002addf840fde6ea4d2e50ded57913d680149a.jpg,Punk,,,,,,
361,Stankonia,OutKast,2000,http://img.wennermedia.com/660-width/rs-136771-da7e3f29f5fd9da7f9ecc99e42734aedf6153527.jpg,Gangsta,P.Funk,Crunk,Conscious,,,
362,Siamese Dream,The Smashing Pumpkins,1993,http://img.wennermedia.com/660-width/rs-136770-f75a3defd32d772a37967368ca5144f349adff4f.jpg,Alternative Rock,,,,,,
363,Substance 1987,New Order,1987,http://img.wennermedia.com/660-width/rs-136769-595630ef42badad77c0f79f25880c5f5379058bb.jpg,Synth-pop,,,,,,
364,L.A. Woman,The Doors,1971,http://img.wennermedia.com/660-width/rs-136768-3a988ca1ad3de55c29438bb4e94b42bf8477eb50.jpg,Blues Rock,Classic Rock,,,,,
365,Rage Against the Machine,Rage Against the Machine,1992,http://img.wennermedia.com/660-width/rs-136762-ead6973cfb00910e25c8fa6187d983ecf823088d.jpg,Funk Metal,,,,,,
366,American Recordings,Johnny Cash,1994,http://img.wennermedia.com/660-width/rs-136766-73af6cda21873c965e49aba5525c5d5d2f30d6fd.jpg,Country,Gospel,Folk,,,,
367,Ray of Light,Madonna,1998,http://img.wennermedia.com/660-width/rs-136767-aa8907da9d426f8b9bf6644812760ae1bed73653.jpg,House,Techno,Downtempo,Vocal,Ambient,,
368,Eagles,Eagles,1972,http://img.wennermedia.com/660-width/rs-136756-d6dea808a538e3dbe7e57ee637e705d1e70b50bb.jpg,Country Rock,Classic Rock,,,,,
369,Louder Than Bombs,The Smiths,1987,http://img.wennermedia.com/660-width/rs-136765-7b55788d237dc1e014b7ca688943f0d591eabed1.jpg,Alternative Rock,Indie Rock,,,,,
370,Mott,Mott the Hoople,1973,http://img.wennermedia.com/660-width/rs-136764-78aeabeabc0a3e211dabf9ad2d95f100d713152d.jpg,Classic Rock,,,,,,
371,"Whatever People Say I Am, That's What I'm Not",Arctic Monkeys,2006,http://img.wennermedia.com/660-width/rs-137021-d42156f4766f5144943b62c40c2c42a602139208.jpg,Indie Rock,,,,,,
372,Reggatta de Blanc,The Police,1979,http://img.wennermedia.com/660-width/rs-136761-7c4e9b1a46e6dce7e011f56aa663741b7fbbed6b.jpg,New Wave,Pop Rock,,,,,
373,Volunteers,Jefferson Airplane,1969,http://img.wennermedia.com/660-width/rs-136760-af859109d88b4c6ba2ab2b33f1a744eea103fdd5.jpg,Psychedelic Rock,Folk Rock,Country Rock,Honky Tonk,,,
374,Siren,Roxy Music,1975,http://img.wennermedia.com/660-width/rs-136759-c84c5d7cc793fa64fe6477fc0fab6d273c9cddc9.jpg,Art Rock,Pop Rock,Glam,,,,
375,Late for the Sky,Jackson Browne,1974,http://img.wennermedia.com/660-width/rs-136758-dc22c1227a796a4aadf1fa09585e08e825be9d5d.jpg,Pop Rock,,,,,,
376,Post,Bjork,1995,http://img.wennermedia.com/660-width/rs-136757-827a9c428ae8bd5bdd22bb052bb78911394d1400.jpg,Breakbeat,IDM,Electro,,,,
377,The Ultimate Collection: 1948-1990,John Lee Hooker,1991,http://img.wennermedia.com/660-width/rs-136755-46e505aaa6b3fbec81ea7e56d0142b34699e297d.jpg,Country Blues,Electric Blues,Chicago Blues,Jump Blues,,,
378,(What's the Story) Morning Glory?,Oasis,1995,http://img.wennermedia.com/660-width/rs-136754-7fbd989b9a3b346ee696654d85ac3764828db9d7.jpg,Brit Pop,,,,,,
379,CrazySexyCool,TLC,1994,http://img.wennermedia.com/660-width/rs-136753-cfda293e9e9fd4d48465512d443b5f76aed3e254.jpg,RnB/Swing,,,,,,
380,Funky Kingston,Toots & The Maytals,1973,http://img.wennermedia.com/660-width/rs-136752-d4c3cffd5fb09b82c6d2a75a5f666affb704967d.jpg,Reggae Gospel,Reggae,Roots Reggae,Rocksteady,,,
381,The Smile Sessions,The Beach Boys,2011,http://img.wennermedia.com/660-width/rs-136902-c855ec81866eca28056323442bf6a2ec4c23aab9.jpg,Pop Rock,Psychedelic Rock,,,,,
382,The Modern Lovers,The Modern Lovers,1976,http://img.wennermedia.com/660-width/rs-136751-d733e6ff6d6cd3b3b299afe0d59d265757f73338.jpg,Art Rock,Indie Rock,,,,,
383,More Songs About Buildings and Food,Talking Heads,1978,http://img.wennermedia.com/660-width/rs-136750-c0eff34e3dfdad26b00d7e840d45d797aa8d2106.jpg,New Wave,Indie Rock,,,,,
384,A Quick One,The Who,1966,http://img.wennermedia.com/660-width/rs-136749-190a086aed550122c17439e5249cff7afbf88e68.jpg,Mod,Beat,Psychedelic Rock,,,,
385,"""Love and Theft""",Bob Dylan,2001,http://img.wennermedia.com/660-width/rs-136680-b49ad91a64cd80be9f66a9df45193e5c095de331.jpg,Folk Rock,Blues Rock,,,,,
386,Pretzel Logic,Steely Dan,1974,http://img.wennermedia.com/660-width/rs-136748-ef3fd5470dc9d27fd9b898639ecacbedf3e49c6b.jpg,Jazz-Rock,Pop Rock,Classic Rock,,,,
387,Enter the Wu_Tang: 36 Chambers,Wu Tang Clan,1993,http://img.wennermedia.com/660-width/rs-136747-33166b125c154dc882cc752cfc3af2303ae7b640.jpg,Gangsta,,,,,,
388,The Indestructible Beat of Soweto,Various Artists,1985,http://img.wennermedia.com/660-width/rs-136906-fd2989586cb9ebc9cd03c1281d530055b0d91639.jpg,African,,,,,,
389,The End of the Innocence,Don Henley,1989,http://img.wennermedia.com/660-width/rs-136745-3d5832f04f13b597959487153a0f8a1a62819e68.jpg,Pop Rock,,,,,,
390,Elephant,The White Stripes,2003,http://img.wennermedia.com/660-width/rs-136744-41b915f494ce61a76562e0a6d97674a4d7c78ca8.jpg,Blues Rock,Garage Rock,Alternative Rock,,,,
391,The Pretender,Jackson Browne,1976,http://img.wennermedia.com/660-width/rs-136743-2df32436c25076097429216ec29fa89e8dd32fe9.jpg,Soft Rock,Pop Rock,,,,,
392,Let It Be,The Beatles,1970,http://img.wennermedia.com/660-width/rs-137222-c71163a3fdf7714caf3e6f53e056fa6ebbead066.jpg,Pop Rock,,,,,,
393,Kala,M.I.A.,2007,http://img.wennermedia.com/660-width/rs-136892-e4d9f8a1093f9b73ca3290360081477da804b718.jpg,Grime,Bollywood,Hip Hop,Dancehall,,,
394,Good Old Boys,Randy Newman,1974,http://img.wennermedia.com/660-width/rs-136741-10b60c390feab0f32710923eeeecf2af5a1be53f.jpg,Pop Rock,Vocal,,,,,
395,Sound of Silver,LCD Soundsystem,2007,http://img.wennermedia.com/660-width/rs-136894-1590edf1212b467d92c5be8468f00d1b3c2f184e.jpg,Leftfield,Alternative Rock,Electro,Disco,,,
396,For Your Pleasure,Roxy Music,1973,http://img.wennermedia.com/660-width/rs-136740-a5f49ec0083a5850fa2caa4b239bb9d46ea1309d.jpg,Art Rock,Avantgarde,Glam,,,,
397,Blue Lines,Massive Attack,1991,http://img.wennermedia.com/660-width/rs-136739-3d19163287470cbd317dd4570309eca8106ddd84.jpg,Dub,Downtempo,,,,,
398,Eliminator,ZZ Top,1983,http://img.wennermedia.com/660-width/rs-136738-7a8fb96b7a41d8bc701d1073369ea92ed01baad5.jpg,Pop Rock,,,,,,
399,Rain Dogs,Tom Waits,1985,http://img.wennermedia.com/660-width/rs-136737-f5d277070b5132b4d8e6d8ebb1a587eb485aa5ad.jpg,Blues Rock,,,,,,
400,Anthology: The Best of The Temptations,The Temptations,1995,http://img.wennermedia.com/featured-promo-580/rs-136896-2f8b220216e8d324b241a9bc2ab349530fb9b724.jpg,Soul,Disco,,,,,
401,Californication,Red Hot Chili Peppers,1999,http://img.wennermedia.com/660-width/rs-136736-815e81c0c12a2447982ec2164f3f86872b15415c.jpg,Alternative Rock,Funk Metal,,,,,
402,Illmatic,Nas,1994,http://img.wennermedia.com/660-width/rs-136735-d5b63b58379af6c92ace0898d6fb06a1a93c4d81.jpg,Hip Hop,,,,,,
403,(pronounced 'leh-'nerd 'skin-'nerd),Lynyrd Skynyrd,1973,http://img.wennermedia.com/660-width/rs-136734-b41501275c94bc6794de329b5840d261d2a99c08.jpg,Blues Rock,Hard Rock,Southern Rock,,,,
404,Dr. John's Gumbo,Dr. John,1972,http://img.wennermedia.com/660-width/rs-136733-b4a4923b15393ebbc34b0fd2bbb7d06c75352aba.jpg,Bayou Funk,Funk,Rhythm & Blues,,,,
405,Radio City,Big Star,1974,http://img.wennermedia.com/660-width/rs-136732-35c0ce746af3e3d76571c9011b7aa9fcd2b6d3b1.jpg,Power Pop,,,,,,
406,Rid of Me,PJ Harvey,1993,http://img.wennermedia.com/660-width/rs-136730-610c6174a896d003777ce7af8ed8b2193872e6b6.jpg,Indie Rock,,,,,,
407,Sandinista!,The Clash,1980,http://img.wennermedia.com/660-width/rs-136731-ca9a65d59894fe510ca5f05d6fad033850da36b7.jpg,Rock & Roll,Dub,Punk,,,,
408,I Do Not Want What I Haven't Got,Sinead O'Connor,1989,http://img.wennermedia.com/660-width/rs-136729-8e1450fbafc50b59aa669ae65a49cd43752b0d07.jpg,Blues Rock,Rhythm & Blues,Soul,,,,
409,Strange Days,The Doors,1967,http://img.wennermedia.com/660-width/rs-136728-8d68203601a7e4b712e98d5a6fcc6f4b290136dc.jpg,Psychedelic Rock,,,,,,
410,Time Out of Mind,Bob Dylan,1997,http://img.wennermedia.com/660-width/rs-136727-19ed8e700b963f5da4a354c25179a08b7fa7c22a.jpg,Blues Rock,,,,,,
411,461 Ocean Boulevard,Eric Clapton,1974,http://img.wennermedia.com/660-width/rs-136726-acf682a405f1c7766dbc78894c1b82c85b7c7381.jpg,Blues Rock,,,,,,
412,Pink Flag,Wire,1977,http://img.wennermedia.com/660-width/rs-136725-fb5d1bce77409b907a346a09303b68dfdf6c95d2.jpg,Punk,,,,,,
413,Double Nickels on the Dime,Minutemen,1984,http://img.wennermedia.com/660-width/rs-136724-41869c0734a9669c6300d6c6aa89ecbad672c62e.jpg,Alternative Rock,Hardcore,Punk,,,,
414,Beauty and the Beat,The Go Go's,1981,http://img.wennermedia.com/660-width/rs-136723-eb4dda489cf1bbe3a094aab6396a25638db67a21.jpg,Pop Rock,,,,,,
415,Van Halen,Van Halen,1978,http://img.wennermedia.com/660-width/rs-136722-d945f84215d6743d66f6c816d2f95ea41aae7ce1.jpg,Hard Rock,,,,,,
416,Mule Variations,Tom Waits,1999,http://img.wennermedia.com/660-width/rs-136720-81f0ce6ad8b816a69ab8e43039028f8a068f3bf3.jpg,Abstract,Art Rock,,,,,
417,Boy,U2,1980,http://img.wennermedia.com/660-width/rs-136721-fdbdd7851ff4f06d8b76ddd40843453fbb3fbaf7.jpg,New Wave,Pop Rock,,,,,
418,Band on the Run,Paul McCartney & Wings,1973,http://img.wennermedia.com/660-width/rs-136719-853b66a39a6a4a772846c0da49f1b5c5e7c807f3.jpg,Pop Rock,,,,,,
419,Dummy,Portishead,1994,http://img.wennermedia.com/660-width/rs-136718-ba3038a8eb3f8bae73a44f22b651a68ff652496d.jpg,Trip Hop,Downtempo,,,,,
420,"The ""Chirping"" Crickets",The Crickets,1957,http://img.wennermedia.com/660-width/rs-136717-f98a7635a3722e7f7568e724109c6728c601fc29.jpg,Rockabilly,Rock & Roll,,,,,
421,"The Best of the Girl Groups, Volume 1",Various Artists,1990,http://img.wennermedia.com/660-width/rs-136716-cbbaa618e1a73ecb8c1a8e4cfdaef83d56cdcb39.jpg,Pop Rock,Vocal,,,,,
422,Presenting the Fabulous Ronettes Featuring Veronica,The Ronettes,1963,http://img.wennermedia.com/660-width/rs-136715-53d90c0f45880a179e9a6d526a44d288afbf992b.jpg,Rock & Roll,Vocal,,,,,
423,Anthology,Diana Ross & The Supremes,2001,http://img.wennermedia.com/660-width/rs-136711-72bb1c9336f4fa748bc0f534ac83191016df317b.jpg,Pop Rock,Soul,Disco,,,,
424,The Rising,Bruce Springsteen,2002,http://img.wennermedia.com/660-width/rs-136886-1ea07a2b8beaae3f3c28d484e9d8ca67ebb24a67.jpg,Folk Rock,Classic Rock,,,,,
425,Grievous Angel,Gram Parsons,1974,http://img.wennermedia.com/660-width/rs-136713-c966ac94055a62214d1fb4ef401973098753ad89.jpg,Country Rock,Honky Tonk,,,,,
426,Cheap Trick at Budokan,Cheap Trick,1978,http://img.wennermedia.com/660-width/rs-136712-76b2b8e283d3e70f9c0b9f3d7c321cee35a76f2b.jpg,Power Pop,Pop Rock,Arena Rock,Hard Rock,,,
427,Sleepless,Peter Wolf,2002,http://img.wennermedia.com/660-width/rs-136710-5b9e8c60dde91e1cd1ce4f9014a849e06ae3dbb5.jpg,Blues Rock,Pop Rock,Ballad,,,,
428,Outlandos d'Amour,The Police,1978,http://img.wennermedia.com/660-width/rs-136708-f0f74fecec08efb2b24d0ce736fe8878563d04e9.jpg,Alternative Rock,New Wave,Punk,,,,
429,Another Green World,Brian Eno,1975,http://img.wennermedia.com/660-width/rs-136709-d71ae15551fbe659eb0a75b827e9145fb9da1d03.jpg,Experimental,Ambient,,,,,
430,Vampire Weekend,Vampire Weekend,2007,http://img.wennermedia.com/660-width/rs-136887-bd3931e1d2c2854bef5aae8c6dfbdf4d204be898.jpg,Indie Rock,,,,,,
431,"Stories From the City, Stories From the Sea",PJ Harvey,2000,http://img.wennermedia.com/660-width/rs-136888-8ad83747cb2008b1a6d03e20ff543852b6d35d71.jpg,Indie Rock,,,,,,
432,Here Come the Warm Jets,Brian Eno,1973,http://img.wennermedia.com/660-width/rs-136707-4d92d4059890f766e5ded5134541c36e8c94e675.jpg,Art Rock,Glam,,,,,
433,All Things Must Pass,George Harrison,1970,http://img.wennermedia.com/660-width/rs-136706-e0570b4dd7064b17ab89a0097dab03fcbdfae5c9.jpg,Pop Rock,,,,,,
434,#1 Record,Big Star,1972,http://img.wennermedia.com/660-width/rs-136705-61ea1bd53d9d1a3710e4ff8d2fa6e92fd678813c.jpg,Power Pop,,,,,,
435,In Utero,Nirvana,1993,http://img.wennermedia.com/660-width/rs-136704-c4b390f3b814e8ab8e6a4aa939f3632269ef8121.jpg,Grunge,Alternative Rock,,,,,
436,Sea Change,Beck,2002,http://img.wennermedia.com/660-width/rs-136703-2db46c65f260992f718e621b828782bcdc768224.jpg,Alternative Rock,Post Rock,,,,,
437,Tha Carter III,Lil Wayne,2008,http://img.wennermedia.com/660-width/rs-136889-d1592d826a0fe5bd19021d15a46fb07f0c573131.jpg,RnB/Swing,Screw,Pop Rap,Thug Rap,,,
438,Boys Don't Cry,The Cure,1979,http://img.wennermedia.com/660-width/rs-136702-2ee61387fb50efc38b003d13cae18374e4b0157b.jpg,New Wave,Post-Punk,,,,,
439,"Live at the Harlem Square Club, 1963",Sam Cooke,1985,http://img.wennermedia.com/660-width/rs-136701-e7e727eaf37e1a1c7fc920aacd88d14b58b29677.jpg,Soul,,,,,,
440,Rum Sodomy & the Lash,The Pogues,1985,http://img.wennermedia.com/820-width/rum_sodomy_and_the_lash-ee9a725e-410d-4a92-bb6f-6a543f53a329.jpg,Folk Rock,Celtic,Punk,,,,
441,Suicide,Suicide,1977,http://img.wennermedia.com/660-width/rs-suicide-suicide-bb630ff5-aad2-44c2-b2b6-9a9a85414078.jpg,New Wave,Experimental,,,,,
442,Q: Are We Not Men? A: We Are Devo!,DEVO,1978,http://img.wennermedia.com/660-width/rs-devo-q-are-we-not-men-a-we-are-devo-c4207947-2748-4eb4-a964-f2e4b62f892f.jpg,New Wave,,,,,,
443,In Color,Cheap Trick,1977,http://img.wennermedia.com/660-width/rs-cheap-trick-in-color-1ef4f243-d005-412e-810f-9cdad233af2a.jpg,Power Pop,Pop Rock,Hard Rock,,,,
444,The World Is a Ghetto,War,1972,http://img.wennermedia.com/660-width/rs-war-the-world-is-a-ghetto-dcf915aa-8daa-444b-b0b3-75aae7639cfa.jpg,Funk,,,,,,
445,Fly Like an Eagle,Steve Miller Band,1976,http://img.wennermedia.com/660-width/rs-steve-miller-band-fly-like-an-eagle-f32e7248-0279-4e0b-b63f-f465467094e9.jpg,Pop Rock,,,,,,
446,Back in the USA,MC5,1970,http://img.wennermedia.com/660-width/rs-136694-c9be837ed998ba01e7e79691e4cc14720085f29d.jpg,Garage Rock,Rock & Roll,,,,,
447,Getz / Gilberto,Stan Getz/Joao GilbertofeaturingAntonio Carlos Jobim,1964,http://img.wennermedia.com/660-width/rs-136693-9e41183410b706cadf485877106a469c2acac60b.jpg,Bossa Nova,Latin Jazz,,,,,
448,Synchronicity,The Police,1983,http://img.wennermedia.com/660-width/the-police-synchronicity-16ba97a3-6be6-4834-8844-a63c29e34d80.jpg,New Wave,Pop Rock,,,,,
449,Third/Sister Lovers,Big Star,1978,http://img.wennermedia.com/660-width/big-star-third-sister-lovers-2df15c34-b6ad-43fa-98fe-a25aa7fbc7c2.jpg,Lo-Fi,Indie Rock,,,,,
450,For Everyman,Jackson Browne,1973,http://img.wennermedia.com/660-width/jackson-browne-for-everyman-e11347ab-7a22-49e1-8ce8-16cb9cdbeb50.jpg,Pop Rock,Classic Rock,,,,,
451,Back to Black,Amy Winehouse,2006,http://img.wennermedia.com/660-width/amy-winehouse-back-to-black-7579fe06-2dab-496a-a510-3ff389357194.jpg,Soul,,,,,,
452,John Prine,John Prine,1971,http://img.wennermedia.com/660-width/john-prine-john-prine-f1ac668e-e5a2-47d9-88c9-de74957a6050.jpg,Country,Folk,,,,,
453,Strictly Business,EPMD,1987,http://img.wennermedia.com/660-width/epmd-strictly-business-9bcb17c5-3f1f-4f1c-b8db-ca698b7815dd.jpg,Hip Hop,,,,,,
454,Love It to Death,Alice Cooper,1971,http://img.wennermedia.com/660-width/alice-cooper-love-it-to-death-ea4570ab-67df-4b1f-b199-c1dba2dc016c.jpg,Classic Rock,,,,,,
455,How Will the Wolf Survive?,Los Lobos,1984,http://img.wennermedia.com/660-width/los-lobos-how-will-the-wolf-survive--f8beaa7f-a2e5-4606-9ef2-5cf851f1a3b4.jpg,Blues Rock,,,,,,
456,"Here, My Dear",Marvin Gaye,1978,http://img.wennermedia.com/660-width/marvin-gaye-here-my-dear-0811056b-7368-4c36-9339-ed12ed2398f9.jpg,Soul,,,,,,
457,Z,My Morning Jacket,2005,http://img.wennermedia.com/660-width/z-cover-4e588ef3-de67-4a6a-b569-debea2c5379d.jpg,Alternative Rock,,,,,,
458,Tumbleweed Connection,Elton John,1970,http://img.wennermedia.com/660-width/elton_john_-_tumbleweed_connection_-_front-979f16e5-361a-48c6-9ea1-934ea402a886.jpg,Soft Rock,Country Rock,,,,,
459,The Drifters' Golden Hits,The Drifters,1968,http://img.wennermedia.com/660-width/golden-hits-5515a273d8f59-210fff2e-feaf-43c9-8ace-a30b6d3c5e4e.jpg,Rhythm & Blues,Soul,,,,,
460,Live Through This,Hole,1994,http://img.wennermedia.com/660-width/74b78cb40fa2ccef729620805d9861941000x1000x1-50fa67b8-c2b1-44ca-9332-1fb90c520baf.jpg,Grunge,,,,,,
461,Metal Box,Public Image Ltd.,1979,http://img.wennermedia.com/660-width/piccit_public_image_ltd___metal_box_1700139204-46248b44-4c5d-4699-aafc-cfd355091d39.jpg,Post-Punk,Dub,Avantgarde,Experimental,,,
462,Document,R.E.M.,1987,http://img.wennermedia.com/660-width/789bf1d2-f8357134-f473-4ae3-b2c3-8931e4d98171.jpg,Hip Hop,,,,,,
463,Heaven Up Here,Echo and The Bunnymen,1981,http://img.wennermedia.com/660-width/echo-the-bunnymen-heaven-up-here-ed971d5c-7beb-422c-88a3-816d677266b3.jpg,New Wave,Indie Rock,,,,,
464,Hysteria,Def Leppard,1987,http://img.wennermedia.com/660-width/8560698_f1024-a994fb27-87cf-46f0-9d8e-aba23729aa1f.jpg,Hard Rock,Arena Rock,,,,,
465,69 Love Songs,The Magnetic Fields,1999,http://img.wennermedia.com/660-width/10_700_700_169_magfields_69-1a38388b-a376-43b2-8365-5b4efe9618ec.jpg,Synth-pop,Indie Rock,,,,,
466,A Rush of Blood to the Head,Coldplay,2002,http://img.wennermedia.com/660-width/coldplay-a-rush-of-blood-to-the-head-b994b5e3-9684-43b7-af44-f0a23154c100.jpg,Alternative Rock,Pop Rock,,,,,
467,Tunnel of Love,Bruce Springsteen,1987,http://img.wennermedia.com/660-width/bruce-springsteen-tunnel-of-love-delantera-24a384d9-9eec-4b9d-9987-74aa31ed0d6d.jpg,Hip Hop,,,,,,
468,The Paul Butterfield Blues Band,The Paul Butterfield Blues Band,1965,http://img.wennermedia.com/660-width/cs498050-01a-big-c9162c3e-36e4-4323-86b2-2e4f28aac696.jpg,Blues Rock,Electric Blues,Chicago Blues,Modern Electric Blues,Harmonica Blues,,
469,The Score,Fugees,1996,http://img.wennermedia.com/660-width/maxresdefault-3b0ebfbe-ff73-49f3-847f-d49a03672c29.jpg,Pop Rap,Conscious,,,,,
470,Radio,L.L. Cool J,1985,http://img.wennermedia.com/660-width/radio-53c118257ccf5-4f6092f2-b9b4-4fc2-8ab3-360b5a69465b.jpg,Hip Hop,,,,,,
471,I Want to See the Bright Lights Tonight,Richard & Linda Thompson,1974,http://img.wennermedia.com/660-width/album04-f83b5716-7b2a-4f0e-8539-05efcf61e40d.jpg,Classic Rock,Folk Rock,,,,,
472,Faith,George Michael,1987,http://img.wennermedia.com/660-width/faithcd-a06ce12d-15c5-4bc9-a9c2-3e6bd205382e.jpg,Downtempo,Soft Rock,Pop Rock,Synth-pop,,,
473,The Smiths,The Smiths,1984,http://img.wennermedia.com/660-width/the_smiths_-_1984_the_smiths_joe_dallesandro-e0440f23-a933-4208-b67f-75d6f22b4e54.jpg,Indie Rock,,,,,,
474,Proxima estacion: Esperanza,Manu Chao,2001,http://img.wennermedia.com/660-width/manu_chao-proxima_estacion_esperanza-frontal-83c07861-2847-44a0-94c0-06270b213796.jpg,Folk Rock,Reggae,Reggae-Pop,,,,
475,Armed Forces,Elvis Costello & The Attractions,1979,http://img.wennermedia.com/660-width/armed-forces-53dffbc88be87-6568d655-8bb8-4cc6-b804-8f506fd8509d.jpg,New Wave,Pop Rock,,,,,
476,Life After Death,The Notorious B.I.G.,1997,http://img.wennermedia.com/660-width/notorious-big-life-after-death-e80ddc0d-b0e9-436c-aef9-4812afdd3d24.jpg,Hip Hop,,,,,,
477,Down Every Road,Merle Haggard,1996,http://img.wennermedia.com/660-width/unnamed-1f798254-f22d-4978-bfea-e0b1a4114afb.jpg,Country,,,,,,
478,All Time Greatest Hits,Loretta Lynn,2002,http://img.wennermedia.com/660-width/48353-4422068b-0d3f-4f8f-b7ee-edf01a0206f6.jpg,Country,,,,,,
479,Maggot Brain,Funkadelic,1971,http://img.wennermedia.com/660-width/maggot-brain-72dpi-e6055166-6578-4584-9e2e-643634f5fcf4.jpg,P.Funk,Psychedelic Rock,,,,,
480,Only Built 4 Cuban Linx,Raekwon,1995,http://img.wennermedia.com/660-width/raekwon-only-built-2-cuban-linx-649d9e3f-2aaf-4663-ba60-200c8f418567.jpg,Hip Hop,,,,,,
481,Voodoo,D'Angelo,2000,http://img.wennermedia.com/660-width/dangelo-voodoo-ltd-white-vinyl-65138e6e-2239-4d15-a149-08757d3212ec.jpg,Soul,Funk,Neo Soul,,,,
482,Guitar Town,Steve Earle,1986,http://img.wennermedia.com/660-width/00602547849625-cover-zoom-de91d20a-6cdb-4cc6-8511-5b2e4bee6408.jpg,Country,Honky Tonk,,,,,
483,Entertainment!,Gang of Four,1979,http://img.wennermedia.com/660-width/mi0000476655-6ad2d47c-ed58-48e9-8aa3-2ebfed7b45b1.jpg,Post-Punk,New Wave,,,,,
484,All the Young Dudes,Mott the Hoople,1972,http://img.wennermedia.com/660-width/be043798-66f55cfa-7ee3-4dc0-872c-d48ccc5678f3.jpg,Classic Rock,Glam,,,,,
485,Vitalogy,Pearl Jam,1994,http://img.wennermedia.com/660-width/pearljamvitalogy-f2ac08df-4f1c-4d33-bab7-dd271b43c784.jpg,Alternative Rock,Hard Rock,,,,,
486,That's the Way of the World,"Earth, Wind & Fire",1975,http://img.wennermedia.com/660-width/51gf-gwqjcl-1-7dd90fad-40da-488d-99f2-494085a9e2b3.jpg,Soul,Funk,Disco,,,,
487,She's So Unusual,Cyndi Lauper,1983,http://img.wennermedia.com/660-width/cl1-38c98251-3411-45e0-8d16-94c5891c023c.jpg,Pop Rock,Synth-pop,,,,,
488,New Day Rising,Husker Du,1985,http://img.wennermedia.com/660-width/screen-shot-2015-01-31-at-5-09-42-pm-e223ce1c-9e9a-4592-9200-b5402283b945.png,Alternative Rock,Hardcore,Punk,,,,
489,Destroyer,KISS,1976,http://img.wennermedia.com/660-width/kiss_destroy_coverar_4000dpi300rgb1000147352-d045b89a-36f1-406a-b737-a290887c6e16.jpg,Hard Rock,,,,,,
490,Tres hombres,ZZ Top,1973,http://img.wennermedia.com/660-width/zz-1-d7ce94f9-3011-478b-bde8-29caa6b515d8.jpg,Blues Rock,Classic Rock,,,,,
491,Born Under a Bad Sign,Albert King,1967,http://img.wennermedia.com/660-width/born-under-a-bad-sign-cover-dcf0f101-8c1f-45ee-9826-aaf4836f12e3.jpg,Electric Blues,Rhythm & Blues,Soul,,,,
492,Touch,Eurythmics,1983,http://img.wennermedia.com/660-width/eurythmics-touch-900-15cccb6a-78ae-4ffe-beaf-1a24dfc3a9df.jpg,New Wave,Synth-pop,,,,,
493,Yankee Hotel Foxtrot,Wilco,2002,http://img.wennermedia.com/660-width/wilco-yankee-hotel-foxtrot-07232015-bec17e21-bf8d-4045-bee5-9737327ca979.jpg,Alternative Rock,,,,,,
494,Oracular Spectacular,MGMT,2007,http://img.wennermedia.com/660-width/orcular-spectacular-69875e28-db4d-4b4b-a804-8597bf0b2fec.jpg,Synth-pop,Indie Rock,,,,,
495,Give It Up,Bonnie Raitt,1972,http://img.wennermedia.com/660-width/1280x1280-f478d514-66e9-4eaf-8c1a-9b27c8f4d8f9.jpg,Blues Rock,,,,,,
496,Boz Scaggs,Boz Scaggs,1969,http://img.wennermedia.com/660-width/81zygxunhil_sl1076_-ace9e62c-8cc9-41dd-9711-8da2fd700422.jpg,Pop Rock,,,,,,
497,White Blood Cells,The White Stripes,2001,http://img.wennermedia.com/660-width/jbwswbc-a82c0360-1d89-40cb-8b75-5cbcb11c9ae1.jpg,Indie Rock,Alternative Rock,Blues Rock,Garage Rock,,,
498,The Stone Roses,The Stone Roses,1989,http://img.wennermedia.com/660-width/stoneroses-4bbdd32d-bf9c-4a78-bb41-dfd2484a3001.jpg,Indie Rock,,,,,,
499,Live in Cook County Jail,B.B. King,1971,http://img.wennermedia.com/660-width/81guooei4dl_sl1109_-b0b72075-24e3-4a98-a8d5-a9c32b1e3d79.jpg,Electric Blues,,,,,,
500,Aquemini,OutKast,1998,http://img.wennermedia.com/660-width/what-millennials-should-know-about-outkast-aquemini-e29a018b-beb0-467a-8b8b-37c9e3575153.png,Reggae,Gangsta,Soul,Conscious,,,